-- phpMyAdmin SQL Dump
-- version 5.2.1
-- https://www.phpmyadmin.net/
--
-- Host: 127.0.0.1
-- Creato il: Mag 09, 2023 alle 15:15
-- Versione del server: 10.4.28-MariaDB
-- Versione PHP: 8.2.4

SET SQL_MODE = "NO_AUTO_VALUE_ON_ZERO";
START TRANSACTION;
SET time_zone = "+01:00";


/*!40101 SET @OLD_CHARACTER_SET_CLIENT=@@CHARACTER_SET_CLIENT */;
/*!40101 SET @OLD_CHARACTER_SET_RESULTS=@@CHARACTER_SET_RESULTS */;
/*!40101 SET @OLD_COLLATION_CONNECTION=@@COLLATION_CONNECTION */;
/*!40101 SET NAMES utf8mb4 */;

--
-- Database: `docenti`
--
CREATE DATABASE IF NOT EXISTS `docenti` DEFAULT CHARACTER SET utf8mb4 COLLATE utf8mb4_bin;
USE `docenti`;

-- --------------------------------------------------------

--
-- Struttura della tabella `aule`
--

CREATE TABLE `aule` (
  `ID` varchar(4) NOT NULL,
  `Palazzina` char(1) NOT NULL,
  `Piano` varchar(1) NOT NULL,
  `Aula` varchar(16) NOT NULL
) ENGINE=InnoDB DEFAULT CHARSET=utf8mb4 COLLATE=utf8mb4_general_ci;

--
-- Dump dei dati per la tabella `aule`
--

INSERT INTO `aule` (`ID`, `Palazzina`, `Piano`, `Aula`) VALUES
('C000', '1', 'T', '1'),
('C001', '1', 'T', '3'),
('C002', '1', '2', '4'),
('C003', '1', '2', '5'),
('C004', '1', '2', '6'),
('C005', '1', '2', '7'),
('C006', '1', '2', '8'),
('C007', '3', 'T', '9'),
('C008', '3', 'T', '10'),
('C009', '3', '1', '11'),
('C010', '3', '1', '12'),
('C011', '3', '1', '13'),
('C012', '3', '1', '14'),
('C013', '3', '1', '15'),
('C014', '3', '2', '16'),
('C015', '3', '2', '17'),
('C016', '3', '2', '18'),
('C017', '3', '2', '19'),
('C018', '3', '2', '20'),
('C019', '4', 'T', '21'),
('C020', '4', 'T', '22'),
('C021', '4', 'T', '23'),
('C022', '4', 'T', 'Aula Conferenze '),
('C023', '4', '1', '25'),
('C024', '4', '1', '26'),
('C025', '4', '1', '27'),
('C026', '4', '1', '28'),
('C027', '4', '1', '29'),
('C028', '4', '2', '30'),
('C029', '4', '2', '31'),
('C030', '4', '2', '32'),
('C031', '4', '2', '33'),
('C032', '4', '2', '34'),
('C033', '5', 'T', 'Aula Lingue'),
('C034', '5', 'T', '35'),
('C035', '5', 'T', '36'),
('C036', '5', 'T', 'Aula Fixo 37'),
('C037', '5', '1', '38'),
('C038', '5', '1', '39'),
('C039', '5', '1', '40'),
('C040', '5', '1', '41'),
('C041', '5', '2', '42'),
('C042', '5', '2', '43'),
('C043', '5', '2', '44'),
('C044', '5', '2', '45'),
('C045', '6', 'T', '46'),
('C046', '6', 'T', '47'),
('C047', '6', 'T', '48'),
('C048', '6', '1', '49'),
('C049', '6', '1', '50'),
('C050', '6', '1', '51'),
('C051', '6', '2', '52'),
('C052', '6', '2', '53'),
('C053', '6', '2', '54'),
('C054', '6', '2', '55'),
('C055', '6', '2', '56'),
('C056', 'C', 'T', '57'),
('C057', 'C', 'T', '58'),
('C058', 'C', 'T', '59'),
('C059', 'C', 'T', '60'),
('C060', 'C', 'T', '61'),
('C061', 'C', 'T', 'Laboratorio CET'),
('C062', 'C', 'T', 'Laboratorio CEM'),
('C063', 'B', 'T', '63'),
('C064', 'B', 'T', '64'),
('C065', 'B', '1', 'Dim - 65'),
('C066', 'B', 'T', 'Future Lab 1'),
('C067', 'B', 'T', 'Future Lab 2'),
('C068', 'B', 'T', 'Agorà'),
('C069', 'B', 'T', 'Laboratorio AMU'),
('C070', 'B', 'T', 'Laboratorio BMT'),
('C071', 'A', 'T', '66'),
('C072', 'A', 'T', 'Laboratorio AMS'),
('C073', 'A', 'T', 'Laboratorio AMF'),
('C074', 'A', '1', 'Aula 3.0'),
('C075', '1', 'T', '2'),
('C076', 'C', '1', '62'),
('C999', '', ' ', ' '),
('L000', '2', '2', 'Lab. 2A2'),
('L001', '2', 'T', 'Lab. 2AT'),
('L002', '2', '2', 'Lab. 2CB'),
('L003', '2', '1', 'Lab. 2CF'),
('L004', '2', '1', 'Lab. 2CO'),
('L005', 'A', '1', 'Lab. Aula 3.0'),
('L006', '3', 'T', 'Lab. 3F1'),
('L007', '3', 'T', 'Lab. 3F2'),
('L008', '6', 'T', 'Lab. 6NG'),
('L009', '6', '1', 'Lab. 6NS'),
('L011', '0', '0', 'Lab. AMF'),
('L012', '0', '0', 'Lab. AMS'),
('L013', '0', '0', 'Lab. AMU'),
('L014', '0', '0', 'Lab. BMT'),
('L015', 'C', 'T', 'Lab. CEM'),
('L016', 'C', 'T', 'Lab. CET'),
('L017', 'C', 'T', 'Lab. CL2'),
('L018', 'C', 'T', 'Lab. CMC'),
('L019', 'C', 'T', 'Lab. CNT'),
('L020', 'C', '1', 'Lab. DAM'),
('L021', 'B', '1', 'Lab. DIM'),
('L022', 'B', 'T', 'Lab. FutureLab 1'),
('L023', 'B', 'T', 'Lab. FutureLab 3'),
('L024', '0', '0', 'Lab. Ghost 1'),
('L025', '', ' ', 'Lab. Palestra 1'),
('L026', '', ' ', 'Lab. Palestra 2'),
('L027', '', ' ', 'Lab. Piscina 1'),
('L028', '', ' ', 'Lab. Piscina 2');

-- --------------------------------------------------------

--
-- Struttura della tabella `classi`
--

CREATE TABLE `classi` (
  `classe` varchar(6) NOT NULL,
  `IDaula` varchar(4) DEFAULT NULL
) ENGINE=InnoDB DEFAULT CHARSET=utf8mb4 COLLATE=utf8mb4_general_ci;

--
-- Dump dei dati per la tabella `classi`
--

INSERT INTO `classi` (`classe`, `IDaula`) VALUES
('1TR', 'C000'),
('5BI', 'C001'),
('4AL', 'C002'),
('2AE', 'C003'),
('1SP', 'C004'),
('2AI', 'C005'),
('2SP', 'C006'),
('2BE', 'C007'),
('2GI', 'C007'),
('1CM', 'C008'),
('4DI', 'C009'),
('1EI', 'C010'),
('2BI', 'C011'),
('1CI', 'C012'),
('3AB', 'C013'),
('1AC', 'C014'),
('5AI', 'C015'),
('1BM', 'C016'),
('2DM', 'C017'),
('4BI', 'C018'),
('2BC', 'C019'),
('2TR', 'C019'),
('2DI', 'C020'),
('2FI', 'C021'),
('4CM', 'C022'),
('4TR', 'C022'),
('2AC', 'C023'),
('3CM', 'C024'),
('5SP', 'C025'),
('1GI', 'C026'),
('5AE', 'C027'),
('5AN', 'C027'),
('1AE', 'C028'),
('3AC', 'C029'),
('3BB', 'C029'),
('5AB', 'C030'),
('5AC', 'C030'),
('2AM', 'C031'),
('3AL', 'C032'),
('3AT', 'C033'),
('3DI', 'C033'),
('2CI', 'C034'),
('5CM', 'C035'),
('5TR', 'C035'),
('4AB', 'C036'),
('4AC', 'C036'),
('3SP', 'C037'),
('1BL', 'C038'),
('1FI', 'C039'),
('2BL', 'C040'),
('4AE', 'C041'),
('4BN', 'C041'),
('1AL', 'C042'),
('4SP', 'C043'),
('2AL', 'C044'),
('3AN', 'C045'),
('2EI', 'C046'),
('2BM', 'C047'),
('3CI', 'C048'),
('1BC', 'C049'),
('2CM', 'C050'),
('1BE', 'C051'),
('1HI', 'C051'),
('5BM', 'C052'),
('5AM', 'C053'),
('3AE', 'C054'),
('3BN', 'C054'),
('1DI', 'C055'),
('5AL', 'C056'),
('5CI', 'C057'),
('3AI', 'C058'),
('1BI', 'C059'),
('5AT', 'C060'),
('5DI', 'C060'),
('5BE', 'C061'),
('4AN', 'C062'),
('1AM', 'C063'),
('3BI', 'C064'),
('4EI', 'C065'),
('1AI', 'C066'),
('4CI', 'C067'),
('4AI', 'C068'),
('4BM', 'C069'),
('3AM', 'C070'),
('3DM', 'C071'),
('3TR', 'C071'),
('3BM', 'C072'),
('4AM', 'C073'),
('Libero', 'C999');

-- --------------------------------------------------------

--
-- Struttura della tabella `log`
--

CREATE TABLE `log` (
  `ID` int(11) NOT NULL,
  `tempo` datetime NOT NULL,
  `usertext` varchar(100) NOT NULL,
  `requestinfo` varchar(100) NOT NULL,
  `responsetext` varchar(100) NOT NULL,
  `feedback` tinyint(4) NOT NULL
) ENGINE=InnoDB DEFAULT CHARSET=utf8mb4 COLLATE=utf8mb4_bin;

-- --------------------------------------------------------

--
-- Struttura della tabella `orarioprofgiovedì`
--

CREATE TABLE `orarioprofgiovedì` (
  `IdProf` varchar(4) NOT NULL,
  `primaOra` varchar(6) DEFAULT 'Libero',
  `secondaOra` varchar(6) DEFAULT 'Libero',
  `terzaOra` varchar(6) DEFAULT 'Libero',
  `quartaOra` varchar(6) DEFAULT 'Libero',
  `quintaOra` varchar(6) DEFAULT 'Libero',
  `sestaOra` varchar(6) DEFAULT 'Libero'
) ENGINE=InnoDB DEFAULT CHARSET=utf8mb4 COLLATE=utf8mb4_general_ci;

--
-- Dump dei dati per la tabella `orarioprofgiovedì`
--

INSERT INTO `orarioprofgiovedì` (`IdProf`, `primaOra`, `secondaOra`, `terzaOra`, `quartaOra`, `quintaOra`, `sestaOra`) VALUES
('P000', 'Libero', 'Libero', 'Libero', '5AE', '3AE', '5TR'),
('P001', '1BC', '1DI', 'Libero', '5BI', '3TR', 'Libero'),
('P002', 'Libero', 'Libero', 'Libero', 'Libero', '4AE', '3AE'),
('P003', '1SP', '3AC', '4AB', '2AL', 'Libero', 'Libero'),
('P004', '2FI', '2CI', '2BI', 'Libero', 'Libero', 'Libero'),
('P005', 'Libero', 'Libero', 'Libero', '2DM', '4BN', '2BE'),
('P006', '2AE', '2AE', '2BE', '4CM', 'Libero', 'Libero'),
('P007', '4AN', 'Libero', '4AN', '3AN', '5AE', 'Libero'),
('P008', 'Libero', 'Libero', '3TR', '3DM', '4AM', '2CM'),
('P009', '1BL', '4TR', 'Libero', 'Libero', 'Libero', 'Libero'),
('P010', 'Libero', 'Libero', 'Libero', '2BE', '2CM', '2AM'),
('P011', 'Libero', 'Libero', 'Libero', '2FI', 'Libero', '5AT'),
('P012', '4AE', '4AE', 'Libero', 'Libero', 'Libero', 'Libero'),
('P013', '5AM', '5AM', 'Libero', '5CM', 'Libero', 'Libero'),
('P014', 'Libero', '2DM', '3CM', '3CM', '4CM', '4CM'),
('P015', '3AC', '5BM', '5BM', 'Libero', 'Libero', 'Libero'),
('P016', '4AC', '4AC', 'Libero', 'Libero', '2BC', '2BC'),
('P017', 'Libero', 'Libero', 'Libero', 'Libero', 'Libero', 'Libero'),
('P018', 'Libero', 'Libero', 'Libero', 'Libero', 'Libero', 'Libero'),
('P019', '4TR', '2AI', 'Libero', '2BI', '2BE', '1AE'),
('P020', '1CI', 'Libero', '3BM', 'Libero', 'Libero', 'Libero'),
('P021', 'Libero', 'Libero', 'Libero', 'Libero', '5CI', '5AB'),
('P022', '2BM', '1BM', 'Libero', 'Libero', 'Libero', 'Libero'),
('P023', 'Libero', 'Libero', 'Libero', '1EI', '1GI', '1BI'),
('P024', 'Libero', '4CI', '4EI', 'Libero', '3DI', '3CI'),
('P025', '1BM', '2CM', 'Libero', 'Libero', 'Libero', 'Libero'),
('P026', 'Libero', 'Libero', 'Libero', 'Libero', '1BI', '2FI'),
('P027', 'Libero', 'Libero', 'Libero', 'Libero', 'Libero', 'Libero'),
('P028', '4BI', '3BI', 'Libero', 'Libero', 'Libero', 'Libero'),
('P029', '5AL', '1SP', '3SP', '3SP', 'Libero', 'Libero'),
('P030', 'Libero', 'Libero', 'Libero', 'Libero', '2DM', '3DI'),
('P031', 'Libero', 'Libero', 'Libero', 'Libero', 'Libero', '3AC'),
('P032', '1BE', '5BE', 'Libero', 'Libero', 'Libero', 'Libero'),
('P033', '2DI', '2BM', '2BM', '1BM', 'Libero', 'Libero'),
('P034', 'Libero', 'Libero', 'Libero', 'Libero', 'Libero', 'Libero'),
('P035', 'Libero', 'Libero', '2EI', '2EI', '3AT', '3AT'),
('P036', 'Libero', '2DI', '1CM', '1GI', 'Libero', 'Libero'),
('P037', '1EI', '1AL', '2DM', 'Libero', '1FI', 'Libero'),
('P038', '5CI', '5CI', 'Libero', 'Libero', '4EI', '4EI'),
('P039', 'Libero', 'Libero', 'Libero', 'Libero', '5AL', '1BE'),
('P040', '3BM', '3BM', 'Libero', 'Libero', 'Libero', 'Libero'),
('P041', 'Libero', 'Libero', '5AI', '5AI', '2EI', '1GI'),
('P042', 'Libero', '4BN', '5TR', '5TR', '5AT', 'Libero'),
('P043', '5CI', '5CI', '3BI', '3BI', '5AI', '5AI'),
('P044', 'Libero', 'Libero', 'Libero', 'Libero', '4EI', '4EI'),
('P045', '2BL', '4AB', 'Libero', 'Libero', 'Libero', 'Libero'),
('P046', 'Libero', 'Libero', 'Libero', '5AC', '3AC', '1BC'),
('P047', '3AB', '3AB', '5AC', 'Libero', '5AC', 'Libero'),
('P048', '1AE', '2DM', 'Libero', 'Libero', 'Libero', 'Libero'),
('P049', '2CI', '1CI', '4SP', 'Libero', 'Libero', 'Libero'),
('P050', '5BI', '5BI', '4AI', '4AI', '5AI', '5AI'),
('P051', '4SP', '3SP', '1SP', 'Libero', 'Libero', 'Libero'),
('P052', '3CM', 'Libero', '3DM', '5CM', 'Libero', 'Libero'),
('P053', '5BM', '4BM', '4BM', '3BM', 'Libero', 'Libero'),
('P054', 'Libero', 'Libero', 'Libero', '2SP', '1SP', '3AL'),
('P055', '4EI', '4BI', '3BN', '4AE', 'Libero', 'Libero'),
('P056', 'Libero', 'Libero', '5AN', '5AN', 'Libero', 'Libero'),
('P057', '4AE', '4AE', '3AE', '3AE', 'Libero', 'Libero'),
('P058', '3AI', '3AI', 'Libero', '3AI', 'Libero', 'Libero'),
('P059', '2BE', '2BE', 'Libero', 'Libero', 'Libero', 'Libero'),
('P060', '1DI', '5SP', '1EI', 'Libero', 'Libero', 'Libero'),
('P061', 'Libero', 'Libero', '1BC', '2BC', '5DI', '5DI'),
('P062', '5AI', '2FI', '4AI', '4AI', 'Libero', 'Libero'),
('P063', 'Libero', '4EI', '1BL', 'Libero', '1AL', 'Libero'),
('P064', 'Libero', '5DI', '5CI', '5CI', 'Libero', 'Libero'),
('P065', 'Libero', 'Libero', 'Libero', 'Libero', 'Libero', 'Libero'),
('P066', '5AB', '5AB', '4AM', 'Libero', 'Libero', 'Libero'),
('P067', 'Libero', 'Libero', 'Libero', '1BE', '2BI', '2DM'),
('P068', 'Libero', 'Libero', '1DI', '1EI', '3AM', '1BI'),
('P069', 'Libero', 'Libero', '1AE', 'Libero', '2CI', '2AE'),
('P070', '3AN', '3AN', '3AN', 'Libero', '3BN', 'Libero'),
('P071', 'Libero', 'Libero', 'Libero', 'Libero', '1BL', '5AL'),
('P072', '5CM', '5CM', '2CI', '2CI', 'Libero', 'Libero'),
('P073', 'Libero', 'Libero', 'Libero', 'Libero', '1EI', '1EI'),
('P074', '2CM', '2AM', 'Libero', 'Libero', 'Libero', 'Libero'),
('P075', '2SP', '2BL', '2BL', 'Libero', 'Libero', 'Libero'),
('P076', 'Libero', '4AM', 'Libero', '4BM', '3AM', '4AM'),
('P077', '3AT', '3AT', '5AT', '3CI', 'Libero', 'Libero'),
('P078', '4AI', '4AI', '5AE', '5BE', '5BE', 'Libero'),
('P079', 'Libero', 'Libero', 'Libero', 'Libero', '3AL', '3SP'),
('P080', '4BN', '4AN', '2AE', 'Libero', 'Libero', 'Libero'),
('P081', '5AM', '5AM', 'Libero', '4AM', 'Libero', 'Libero'),
('P082', 'Libero', 'Libero', 'Libero', '1AI', '1BC', '1CI'),
('P083', 'Libero', 'Libero', 'Libero', 'Libero', '5BM', '5BM'),
('P084', '2AI', '5AI', 'Libero', 'Libero', 'Libero', 'Libero'),
('P085', '1AM', '2DI', '1CM', '2AM', 'Libero', 'Libero'),
('P086', 'Libero', 'Libero', '2DM', '2CM', '2AE', '1CM'),
('P087', 'Libero', 'Libero', 'Libero', '1GI', 'Libero', '1TR'),
('P088', 'Libero', 'Libero', 'Libero', '1DI', '4BI', '4BI'),
('P089', 'Libero', 'Libero', 'Libero', 'Libero', '4BM', '4BM'),
('P090', '3AB', '2AC', 'Libero', 'Libero', 'Libero', 'Libero'),
('P091', 'Libero', 'Libero', 'Libero', 'Libero', 'Libero', 'Libero'),
('P092', '1GI', '1FI', '1FI', 'Libero', 'Libero', 'Libero'),
('P093', 'Libero', 'Libero', 'Libero', '4EI', '3AN', '5AM'),
('P094', '3CI', '4DI', 'Libero', 'Libero', 'Libero', 'Libero'),
('P095', 'Libero', 'Libero', 'Libero', '5DI', '2AI', '1AI'),
('P096', 'Libero', 'Libero', '5CM', '3TR', '3CM', '3CM'),
('P097', 'Libero', 'Libero', '5AI', '5AI', 'Libero', 'Libero'),
('P098', 'Libero', 'Libero', 'Libero', '1BL', '2BL', 'Libero'),
('P099', 'Libero', 'Libero', 'Libero', '5AM', '4CM', '4CM'),
('P100', '4DI', '5AT', '1AL', 'Libero', '5AN', 'Libero'),
('P101', '5BE', '3TR', '5TR', '5TR', 'Libero', 'Libero'),
('P102', 'Libero', 'Libero', '5AM', 'Libero', '5AM', '1AM'),
('P103', '5SP', '4SP', '3AM', '3AM', '5TR', 'Libero'),
('P104', '4AI', '4AI', '4DI', '4DI', '3AI', '3AI'),
('P105', '5AT', '4BN', 'Libero', 'Libero', 'Libero', 'Libero'),
('P106', '5AE', '5AE', '5BE', 'Libero', 'Libero', 'Libero'),
('P107', '4AL', '1BE', '3BB', 'Libero', 'Libero', 'Libero'),
('P108', '3TR', '1EI', '3CI', 'Libero', '3CI', '3TR'),
('P109', 'Libero', 'Libero', 'Libero', 'Libero', '2FI', '2EI'),
('P110', 'Libero', 'Libero', 'Libero', 'Libero', 'Libero', 'Libero'),
('P111', '5BI', '5BI', '5DI', '1AL', 'Libero', 'Libero'),
('P112', '2BI', 'Libero', '1BI', '1BI', '3BI', 'Libero'),
('P113', '1CM', '1CM', '1AM', '1AM', '5BI', '5BI'),
('P114', 'Libero', 'Libero', '4AE', '4BN', '1BE', '5AN'),
('P115', '4AM', '3CM', '4CM', '4AN', 'Libero', 'Libero'),
('P116', '3BM', '3BM', 'Libero', 'Libero', 'Libero', 'Libero'),
('P117', '3AE', '3AE', 'Libero', '1CM', '1CM', 'Libero'),
('P118', '3BI', '1AM', '4BI', '2DI', 'Libero', 'Libero'),
('P119', 'Libero', 'Libero', 'Libero', 'Libero', '4BM', '4BM'),
('P120', '2AL', '3AL', '5AB', '5AB', 'Libero', 'Libero'),
('P121', '5TR', '5TR', '4TR', '4TR', 'Libero', 'Libero'),
('P122', '3DI', '4AL', '5BI', '3AL', 'Libero', 'Libero'),
('P123', '3AM', '3DM', '3CM', '3CM', 'Libero', 'Libero'),
('P124', 'Libero', 'Libero', '2SP', 'Libero', '2AC', '3BB'),
('P125', '3AI', '3AI', 'Libero', 'Libero', 'Libero', 'Libero'),
('P126', '5DI', '2EI', '3AC', 'Libero', 'Libero', 'Libero'),
('P127', 'Libero', 'Libero', 'Libero', 'Libero', '5AB', '3AB'),
('P128', 'Libero', 'Libero', 'Libero', '1FI', '4TR', '5SP'),
('P129', 'Libero', 'Libero', 'Libero', 'Libero', '2AL', '4AL'),
('P130', 'Libero', 'Libero', 'Libero', 'Libero', '2SP', '4AN'),
('P131', '1AL', '5AL', '5AL', '2BL', 'Libero', 'Libero'),
('P132', 'Libero', 'Libero', 'Libero', 'Libero', '2BM', '2BM'),
('P133', 'Libero', 'Libero', 'Libero', 'Libero', '3SP', '4TR'),
('P134', '4CI', '2BC', '2AC', 'Libero', 'Libero', 'Libero'),
('P135', '1FI', '3AM', 'Libero', 'Libero', '1TR', 'Libero'),
('P136', 'Libero', 'Libero', 'Libero', '2AE', '2DI', '1BM'),
('P137', 'Libero', 'Libero', '4DI', '4DI', 'Libero', '4CI'),
('P138', 'Libero', 'Libero', 'Libero', 'Libero', 'Libero', 'Libero'),
('P139', 'Libero', '1GI', 'Libero', '1AE', '1CI', 'Libero'),
('P140', 'Libero', 'Libero', 'Libero', '1BC', '3AB', '1AC'),
('P141', 'Libero', 'Libero', '3AI', '3BN', '4AN', '4AI'),
('P142', 'Libero', 'Libero', '3DI', '3AT', '1DI', '1DI'),
('P143', 'Libero', 'Libero', 'Libero', '2BM', '1AI', '2BI'),
('P144', 'Libero', 'Libero', '4AL', '4AL', 'Libero', '5CI'),
('P145', 'Libero', '4AB', '5AB', '5AB', '3AB', 'Libero'),
('P146', 'Libero', 'Libero', 'Libero', '5SP', '5SP', '1FI'),
('P147', '3AL', '2SP', '1GI', '2CM', 'Libero', 'Libero'),
('P148', 'Libero', 'Libero', '1BM', '1TR', '1AM', '1CM'),
('P149', 'Libero', 'Libero', '3AL', '4AB', '4AL', '4AB'),
('P150', '3SP', '2AL', '1AI', 'Libero', 'Libero', 'Libero'),
('P151', 'Libero', 'Libero', 'Libero', '4SP', '2AE', '2AI'),
('P152', 'Libero', '3DI', '2AL', '5AL', 'Libero', 'Libero'),
('P153', '4AB', 'Libero', '3AB', '3BB', '3BB', 'Libero'),
('P154', 'Libero', 'Libero', 'Libero', 'Libero', 'Libero', 'Libero'),
('P155', '1BI', '1BI', '2AI', '2AI', 'Libero', 'Libero'),
('P156', 'Libero', 'Libero', '2DI', '1SP', 'Libero', '2DI'),
('P157', 'Libero', 'Libero', 'Libero', '1CI', 'Libero', '2CI'),
('P158', 'Libero', 'Libero', 'Libero', '3DI', '2AM', '3AN'),
('P159', '5AN', '5AN', '4BN', '4BI', 'Libero', 'Libero'),
('P160', 'Libero', 'Libero', 'Libero', 'Libero', '1BM', '3BM'),
('P161', 'Libero', 'Libero', 'Libero', 'Libero', '4AE', '3AE'),
('P162', '2DM', '1AE', '1CI', 'Libero', 'Libero', 'Libero'),
('P163', '4BM', '4CM', '1TR', 'Libero', 'Libero', 'Libero'),
('P164', 'Libero', 'Libero', '1AM', '1AM', '5BI', '5BI'),
('P165', '1AC', '1BL', '2FI', 'Libero', 'Libero', 'Libero'),
('P166', '4AC', '4AC', '5AC', '3BB', '3BB', 'Libero'),
('P167', '2AC', '1AC', '1AC', '2AC', 'Libero', 'Libero'),
('P168', 'Libero', 'Libero', '3BI', '3BI', '1EI', '1EI'),
('P169', 'Libero', 'Libero', '5SP', '3AB', '4SP', '4SP'),
('P170', '3AN', '3AN', '3AE', '3AN', '3BN', 'Libero'),
('P171', '1CM', '1CM', '4CI', '4CI', 'Libero', 'Libero'),
('P172', '5AE', '5AE', 'Libero', '5BE', '5BE', 'Libero'),
('P173', '2BC', '1AI', '1DI', 'Libero', 'Libero', 'Libero'),
('P174', 'Libero', 'Libero', 'Libero', 'Libero', 'Libero', 'Libero'),
('P175', 'Libero', 'Libero', '3AT', '5AT', '5AT', '3BN'),
('P176', 'Libero', 'Libero', '5AN', '5AN', '3AI', '3AI'),
('P177', 'Libero', 'Libero', 'Libero', '5BM', '4DI', '4AE'),
('P178', '2AM', '1BC', '2CM', '1AC', 'Libero', 'Libero'),
('P179', '3AM', '4BM', '5CM', '3BM', 'Libero', 'Libero'),
('P180', 'Libero', 'Libero', 'Libero', 'Libero', '3BM', '3AM'),
('P181', 'Libero', '2AC', 'Libero', '3AC', '1AC', '2AC'),
('P182', 'Libero', 'Libero', 'Libero', 'Libero', '2CI', '1TR'),
('P183', '2EI', 'Libero', 'Libero', 'Libero', 'Libero', 'Libero'),
('P184', 'Libero', 'Libero', 'Libero', 'Libero', 'Libero', 'Libero'),
('P185', 'Libero', 'Libero', 'Libero', 'Libero', '4CI', '4DI'),
('P186', 'Libero', '3CI', '1BE', 'Libero', '1AE', '5BE'),
('P187', '1AI', '2BI', '2AM', 'Libero', 'Libero', 'Libero'),
('P188', '2BC', 'Libero', '3DM', 'Libero', '1GI', 'Libero'),
('P189', '5TR', '5TR', '4TR', '4TR', '2TR', '2TR'),
('P190', '1TR', '1TR', 'Libero', 'Libero', 'Libero', 'Libero'),
('P191', 'Libero', 'Libero', '4CI', '4CI', '4AI', '3BI'),
('P192', 'Libero', 'Libero', '2BC', 'Libero', '4AB', '5CM');

-- --------------------------------------------------------

--
-- Struttura della tabella `orarioproflunedì`
--

CREATE TABLE `orarioproflunedì` (
  `IdProf` varchar(4) NOT NULL,
  `primaOra` varchar(6) DEFAULT 'Libero',
  `secondaOra` varchar(6) DEFAULT 'Libero',
  `terzaOra` varchar(6) DEFAULT 'Libero',
  `quartaOra` varchar(6) DEFAULT 'Libero',
  `quintaOra` varchar(6) DEFAULT 'Libero',
  `sestaOra` varchar(6) DEFAULT 'Libero',
  `settimaOra` varchar(6) DEFAULT 'Libero',
  `ottavaOra` varchar(6) DEFAULT 'Libero'
) ENGINE=InnoDB DEFAULT CHARSET=utf8mb4 COLLATE=utf8mb4_general_ci;

--
-- Dump dei dati per la tabella `orarioproflunedì`
--

INSERT INTO `orarioproflunedì` (`IdProf`, `primaOra`, `secondaOra`, `terzaOra`, `quartaOra`, `quintaOra`, `sestaOra`, `settimaOra`, `ottavaOra`) VALUES
('P000', '3AN', '3BI', '3AE', '5TR', '5AE', 'Libero', 'Libero', 'Libero'),
('P001', '5CI', '5AB', '2BC', '1AC', 'Libero', '1FI', '1GI', 'Libero'),
('P002', 'Libero', 'Libero', 'Libero', '3AE', '3AE', '3AE', 'Libero', 'Libero'),
('P003', '2CI', '1TR', '2DI', '1AL', 'Libero', 'Libero', 'Libero', 'Libero'),
('P004', 'Libero', 'Libero', 'Libero', 'Libero', '1BI', '2DI', '2EI', '2BI'),
('P005', '2DM', 'Libero', '2BE', '4EI', '2AE', 'Libero', 'Libero', 'Libero'),
('P006', '2BE', '2BE', '4CM', '4CM', 'Libero', 'Libero', 'Libero', 'Libero'),
('P007', 'Libero', 'Libero', '5AE', '5AE', '3AN', '3AN', '4AN', '4AN'),
('P008', '4AM', '2CM', '3DM', '3TR', 'Libero', 'Libero', 'Libero', 'Libero'),
('P009', '1BL', '1AL', '4AB', '1BL', 'Libero', 'Libero', 'Libero', 'Libero'),
('P010', '2AM', '2BM', '2CM', '3DM', 'Libero', 'Libero', 'Libero', 'Libero'),
('P011', 'Libero', '5AT', '2FI', 'Libero', '2FI', 'Libero', 'Libero', 'Libero'),
('P012', 'Libero', '4AN', '4AN', '4BN', '4AN', '4AN', 'Libero', 'Libero'),
('P013', '5CM', '5CM', '4AM', '4AM', 'Libero', 'Libero', 'Libero', 'Libero'),
('P014', '3DM', '3DM', 'Libero', '2AM', '5BM', 'Libero', 'Libero', 'Libero'),
('P015', 'Libero', 'Libero', '4AE', '3AC', 'Libero', '5BM', '5BM', '4AE'),
('P016', '4AC', '2BC', 'Libero', '5AB', '5AB', '5AC', 'Libero', 'Libero'),
('P017', 'Libero', 'Libero', 'Libero', 'Libero', 'Libero', 'Libero', 'Libero', 'Libero'),
('P018', 'Libero', 'Libero', 'Libero', '2AI', 'Libero', '2BE', '2AE', 'Libero'),
('P019', 'Libero', 'Libero', 'Libero', 'Libero', '2CM', '2EI', '4AE', '2AM'),
('P020', '3CM', '1CM', 'Libero', 'Libero', 'Libero', 'Libero', 'Libero', 'Libero'),
('P021', 'Libero', 'Libero', '5BI', 'Libero', '4BM', '5AT', '5AB', '5AI'),
('P022', 'Libero', 'Libero', 'Libero', '1CM', 'Libero', '1BM', '2AM', '2CM'),
('P023', '1TR', '1BI', '1FI', '2DI', 'Libero', 'Libero', 'Libero', 'Libero'),
('P024', 'Libero', 'Libero', 'Libero', 'Libero', '3DI', '4CI', '4EI', '4EI'),
('P025', '1AM', '1BM', '1CM', '2AM', 'Libero', 'Libero', 'Libero', 'Libero'),
('P026', 'Libero', 'Libero', 'Libero', 'Libero', '1AE', '3SP', '1BE', '2FI'),
('P027', 'Libero', 'Libero', '3AT', '3AT', 'Libero', 'Libero', '2GI', '2DI'),
('P028', '4BI', '4BI', '4BI', '5BI', 'Libero', '3BI', '3BI', 'Libero'),
('P029', '1AC', '1AC', 'Libero', '5AL', '1SP', 'Libero', 'Libero', 'Libero'),
('P030', 'Libero', 'Libero', '3AN', 'Libero', '5AC', '5AB', '2DM', '3DI'),
('P031', 'Libero', 'Libero', 'Libero', 'Libero', 'Libero', 'Libero', '3AC', '3AC'),
('P032', '5BE', '5BI', '5BE', 'Libero', '1BE', '1BE', 'Libero', 'Libero'),
('P033', 'Libero', 'Libero', '5BM', '1BM', '1BM', 'Libero', '5AI', '2BM'),
('P034', '1BI', '1GI', '1GI', 'Libero', 'Libero', 'Libero', 'Libero', 'Libero'),
('P035', 'Libero', 'Libero', 'Libero', 'Libero', '4EI', '4EI', '3AT', '2EI'),
('P036', 'Libero', '2AE', '2AM', '1FI', 'Libero', '1AE', 'Libero', 'Libero'),
('P037', 'Libero', 'Libero', 'Libero', 'Libero', '1FI', '1AL', '1DI', '2DM'),
('P038', 'Libero', 'Libero', 'Libero', '5DI', '5DI', '5CI', '5CI', 'Libero'),
('P039', '3AL', '4AL', 'Libero', '1BE', 'Libero', 'Libero', 'Libero', 'Libero'),
('P040', 'Libero', 'Libero', '4TR', '4TR', 'Libero', '3BM', '3BM', '4AM'),
('P041', '5DI', '5DI', '2EI', '1BC', 'Libero', 'Libero', 'Libero', 'Libero'),
('P042', 'Libero', 'Libero', '5AT', '5AN', 'Libero', '3AT', '3TR', '3TR'),
('P043', 'Libero', '5AI', '5AI', 'Libero', '3BI', '5CI', '5CI', 'Libero'),
('P044', '4EI', '4DI', '1CI', 'Libero', '1DI', '1DI', 'Libero', 'Libero'),
('P045', 'Libero', 'Libero', 'Libero', 'Libero', 'Libero', '2BL', '4AB', '4AB'),
('P046', '3AC', '3AC', '1BC', 'Libero', 'Libero', 'Libero', 'Libero', 'Libero'),
('P047', '4AB', '4AB', '5AC', '3AB', '3AB', 'Libero', 'Libero', 'Libero'),
('P048', '1AL', '2DM', 'Libero', 'Libero', 'Libero', 'Libero', 'Libero', 'Libero'),
('P049', 'Libero', 'Libero', 'Libero', 'Libero', '5TR', '2CI', '2AC', '2AI'),
('P050', 'Libero', '5AI', '5AI', 'Libero', '5AI', '5AI', '5DI', '5DI'),
('P051', '1SP', 'Libero', '3SP', '5SP', '4SP', 'Libero', 'Libero', 'Libero'),
('P052', '5CM', '5CM', '3CM', '2DM', 'Libero', 'Libero', 'Libero', 'Libero'),
('P053', '5BM', '5BM', '5CM', '5CM', 'Libero', 'Libero', 'Libero', 'Libero'),
('P054', '3SP', '2SP', '1SP', '1SP', 'Libero', 'Libero', 'Libero', 'Libero'),
('P055', 'Libero', 'Libero', 'Libero', 'Libero', '3AI', '4DI', '3DI', '4BM'),
('P056', '4BN', '4BN', '5AE', '5AE', 'Libero', 'Libero', '4AN', '4AN'),
('P057', 'Libero', 'Libero', 'Libero', 'Libero', 'Libero', 'Libero', 'Libero', 'Libero'),
('P058', 'Libero', 'Libero', 'Libero', 'Libero', 'Libero', 'Libero', 'Libero', 'Libero'),
('P059', '3CI', '3CI', '2AE', '2AE', '3SP', 'Libero', 'Libero', 'Libero'),
('P060', '5BI', '1EI', '2BI', 'Libero', '5SP', 'Libero', 'Libero', 'Libero'),
('P061', 'Libero', 'Libero', 'Libero', 'Libero', '2BC', '2BC', '1BC', '1BC'),
('P062', '4AI', '2CI', '3AI', 'Libero', '5AI', '5AI', 'Libero', 'Libero'),
('P063', '3BM', '4EI', '1BL', 'Libero', '1AL', 'Libero', 'Libero', 'Libero'),
('P064', 'Libero', '5CI', '5DI', '5DI', '5DI', 'Libero', 'Libero', 'Libero'),
('P065', '2EI', '1CI', 'Libero', '2BI', '2CI', 'Libero', 'Libero', 'Libero'),
('P066', '5AB', '4AM', 'Libero', '3AM', '3AM', 'Libero', '4AM', '5AB'),
('P067', 'Libero', 'Libero', 'Libero', 'Libero', 'Libero', '2AI', '2BI', '1BE'),
('P068', 'Libero', '1CI', '1FI', '2AI', 'Libero', 'Libero', 'Libero', 'Libero'),
('P069', '1CI', '2AE', '2CI', 'Libero', '2BE', '1AE', 'Libero', 'Libero'),
('P070', 'Libero', 'Libero', 'Libero', '3AN', '3BN', '3BN', '3AN', '3AN'),
('P071', '5AL', '1BL', '4AL', '4AL', 'Libero', 'Libero', 'Libero', 'Libero'),
('P072', 'Libero', 'Libero', 'Libero', 'Libero', '5CI', '5CM', '2CI', '5CI'),
('P073', 'Libero', 'Libero', '3CI', '3CI', '4DI', 'Libero', '4CI', '1FI'),
('P074', 'Libero', 'Libero', 'Libero', 'Libero', '5BM', '2CM', '2BM', '5AM'),
('P075', '2AC', '2AC', '2SP', 'Libero', 'Libero', 'Libero', 'Libero', 'Libero'),
('P076', 'Libero', 'Libero', 'Libero', 'Libero', '4AM', '4AM', '4BM', '3BM'),
('P077', 'Libero', 'Libero', '3BI', '3BI', 'Libero', '3AT', '5AT', '3AT'),
('P078', '4AE', '4AE', '4AI', '5BE', 'Libero', 'Libero', 'Libero', 'Libero'),
('P079', '5SP', 'Libero', '5SP', '3AL', '4AL', '5AL', 'Libero', 'Libero'),
('P080', 'Libero', '4AN', '4AN', '4BN', 'Libero', '2AE', '2BE', 'Libero'),
('P081', '5AM', '3AM', '4AM', '4AM', 'Libero', 'Libero', 'Libero', 'Libero'),
('P082', 'Libero', 'Libero', 'Libero', 'Libero', '2AC', '1CI', '1AC', '2BC'),
('P083', 'Libero', 'Libero', '3BM', '5AM', '5AM', 'Libero', '3AM', '3AM'),
('P084', 'Libero', 'Libero', 'Libero', '5AI', 'Libero', '4AI', '2AI', '4AI'),
('P085', '2CM', '2DI', '2AM', '1AM', 'Libero', 'Libero', 'Libero', 'Libero'),
('P086', 'Libero', '2AI', '2BM', '1AE', '1FI', 'Libero', 'Libero', 'Libero'),
('P087', 'Libero', 'Libero', 'Libero', '1FI', '2DM', '1GI', 'Libero', '1TR'),
('P088', '3AI', '3AN', '4EI', '2CM', 'Libero', 'Libero', '4BI', '1DI'),
('P089', 'Libero', 'Libero', 'Libero', 'Libero', 'Libero', 'Libero', 'Libero', 'Libero'),
('P090', '4AB', '4AB', '1BC', '3AB', '3AB', 'Libero', '3BB', '3BB'),
('P091', 'Libero', 'Libero', 'Libero', 'Libero', '2AC', '1CI', '1AC', '2BC'),
('P092', 'Libero', 'Libero', 'Libero', 'Libero', '1GI', '2SP', '1FI', '1GI'),
('P093', 'Libero', 'Libero', 'Libero', '3AI', '3BM', '4BI', '5TR', '3CI'),
('P094', 'Libero', 'Libero', '3TR', 'Libero', '4CI', '4BM', '5AM', '4DI'),
('P095', '5AT', '4AI', '1AI', 'Libero', '3AT', 'Libero', 'Libero', 'Libero'),
('P096', '3TR', '3TR', 'Libero', 'Libero', '3CM', '4TR', '4TR', 'Libero'),
('P097', '5DI', '5DI', '1BI', 'Libero', '1DI', '1DI', '4EI', '4EI'),
('P098', '1BC', '2BL', 'Libero', 'Libero', 'Libero', 'Libero', 'Libero', 'Libero'),
('P099', 'Libero', 'Libero', 'Libero', 'Libero', 'Libero', '5AM', '4CM', '3CM'),
('P100', 'Libero', 'Libero', 'Libero', 'Libero', '5AN', '2AL', '4DI', '5AT'),
('P101', 'Libero', 'Libero', 'Libero', 'Libero', '4TR', '3DI', '3TR', '3TR'),
('P102', '5AN', '1AM', '5AM', 'Libero', '1AM', 'Libero', 'Libero', 'Libero'),
('P103', 'Libero', 'Libero', 'Libero', '4SP', '2AM', '2AM', 'Libero', '5TR'),
('P104', '4CI', '4CI', '3BI', '3BI', 'Libero', 'Libero', 'Libero', 'Libero'),
('P105', 'Libero', 'Libero', '5AN', '5AT', '5AT', '5AN', 'Libero', 'Libero'),
('P106', '1BE', '1BE', '1AE', 'Libero', 'Libero', '5AE', '5BE', '5BE'),
('P107', '3BB', '3AB', '5AB', '3SP', 'Libero', 'Libero', 'Libero', 'Libero'),
('P108', 'Libero', 'Libero', 'Libero', 'Libero', '3CI', '3CI', '1EI', '1EI'),
('P109', 'Libero', 'Libero', 'Libero', '1EI', '2EI', 'Libero', 'Libero', 'Libero'),
('P110', 'Libero', 'Libero', 'Libero', 'Libero', 'Libero', '4TR', '4TR', 'Libero'),
('P111', 'Libero', 'Libero', 'Libero', 'Libero', '4BI', '5BI', '5DI', '5DI'),
('P112', 'Libero', 'Libero', 'Libero', 'Libero', '2BI', '2BI', '1BI', '1BI'),
('P113', 'Libero', 'Libero', 'Libero', 'Libero', '5BI', '1TR', '1CM', '1AM'),
('P114', 'Libero', 'Libero', 'Libero', '4AE', '5BE', '4BN', '1AE', '5AN'),
('P115', 'Libero', 'Libero', 'Libero', 'Libero', '1CM', '3CM', '1CI', '4CM'),
('P116', '5BM', '5BM', '5CM', '5CM', 'Libero', '3BM', '3BM', 'Libero'),
('P117', 'Libero', 'Libero', 'Libero', 'Libero', '3TR', '3TR', '1BM', '1BM'),
('P118', '3BI', '2EI', '1AM', '2CI', 'Libero', 'Libero', 'Libero', 'Libero'),
('P119', 'Libero', 'Libero', 'Libero', '5AM', '5AM', 'Libero', '3AM', '3AM'),
('P120', '2AL', '3AL', 'Libero', 'Libero', 'Libero', 'Libero', 'Libero', 'Libero'),
('P121', '3TR', '3TR', '4TR', '4TR', 'Libero', 'Libero', 'Libero', 'Libero'),
('P122', 'Libero', 'Libero', 'Libero', 'Libero', 'Libero', '3AL', '5BI', '5BI'),
('P123', '3DM', '3DM', '3AM', '4BM', 'Libero', 'Libero', '3CM', 'Libero'),
('P124', '2SP', '3BB', '3AB', '2AC', 'Libero', 'Libero', 'Libero', 'Libero'),
('P125', 'Libero', '4BI', '4BI', '4AI', '4AI', 'Libero', '5BI', '5BI'),
('P126', '1EI', '4TR', '3AC', '2EI', 'Libero', 'Libero', 'Libero', 'Libero'),
('P127', '3AB', '4AC', '3BB', '5AC', 'Libero', 'Libero', 'Libero', 'Libero'),
('P128', '1DI', '1FI', '1EI', '1GI', 'Libero', 'Libero', 'Libero', 'Libero'),
('P129', 'Libero', 'Libero', 'Libero', '2BL', '2AL', '4AL', 'Libero', '3AI'),
('P130', '4AN', '5AN', 'Libero', '2SP', '2SP', '3AI', '3AI', 'Libero'),
('P131', '2BL', '5AL', '1AL', 'Libero', '5AL', 'Libero', 'Libero', 'Libero'),
('P132', '2FI', '2FI', 'Libero', '4BI', '3AC', '3AC', 'Libero', 'Libero'),
('P133', '5TR', '3SP', '4SP', '5CI', 'Libero', '1SP', 'Libero', 'Libero'),
('P134', 'Libero', 'Libero', 'Libero', 'Libero', '1BC', '2AC', '2BC', '4CI'),
('P135', 'Libero', 'Libero', 'Libero', 'Libero', 'Libero', '3AM', '1TR', '3AE'),
('P136', 'Libero', 'Libero', 'Libero', 'Libero', '2DI', '1CM', '1AM', '2BE'),
('P137', '4CI', '4CI', '4DI', 'Libero', 'Libero', 'Libero', 'Libero', 'Libero'),
('P138', '2AI', '2BI', '1BI', '1BI', '1AI', 'Libero', 'Libero', 'Libero'),
('P139', 'Libero', 'Libero', 'Libero', 'Libero', 'Libero', 'Libero', 'Libero', '1CM'),
('P140', 'Libero', 'Libero', 'Libero', 'Libero', 'Libero', '1BC', '3AB', '2AC'),
('P141', 'Libero', '3AI', '3BN', '4AN', 'Libero', '4AE', '4AI', '4BI'),
('P142', 'Libero', 'Libero', 'Libero', 'Libero', 'Libero', 'Libero', 'Libero', 'Libero'),
('P143', '2BM', '1AI', '1BM', 'Libero', '2AI', '1BI', 'Libero', 'Libero'),
('P144', '4SP', '4SP', '5CI', 'Libero', 'Libero', 'Libero', 'Libero', 'Libero'),
('P145', 'Libero', 'Libero', 'Libero', 'Libero', '2EI', '5AC', '4AB', '4AB'),
('P146', 'Libero', '5SP', '2BL', '3CM', 'Libero', 'Libero', 'Libero', 'Libero'),
('P147', '1GI', 'Libero', '2BM', '1AE', '2BL', 'Libero', 'Libero', 'Libero'),
('P148', 'Libero', 'Libero', 'Libero', 'Libero', 'Libero', 'Libero', 'Libero', 'Libero'),
('P149', '4AL', 'Libero', '3AL', '4AB', '4AB', 'Libero', 'Libero', 'Libero'),
('P150', '1AI', '2AL', 'Libero', '2AL', 'Libero', '1AI', 'Libero', 'Libero'),
('P151', '2AE', '2AI', '5AL', '2BE', 'Libero', '5SP', 'Libero', 'Libero'),
('P152', '3DI', '3DI', '2AL', '4DI', '1BL', 'Libero', 'Libero', 'Libero'),
('P153', 'Libero', 'Libero', 'Libero', 'Libero', 'Libero', '3AB', '4AC', '4AC'),
('P154', 'Libero', 'Libero', 'Libero', 'Libero', '4CM', '4CM', '3DM', '3DM'),
('P155', 'Libero', 'Libero', 'Libero', 'Libero', '1EI', '1EI', '1AI', '1AI'),
('P156', '2DI', '1SP', '1DI', '1DI', 'Libero', 'Libero', 'Libero', 'Libero'),
('P157', 'Libero', 'Libero', 'Libero', 'Libero', '1TR', 'Libero', '2DI', '1CI'),
('P158', '3AE', '3AE', '3DI', '3DI', 'Libero', 'Libero', 'Libero', 'Libero'),
('P159', '4BN', '4BN', 'Libero', '5AN', '4AN', '4AN', 'Libero', 'Libero'),
('P160', '1BM', '4BM', '4BM', '3BM', 'Libero', 'Libero', 'Libero', 'Libero'),
('P161', 'Libero', 'Libero', 'Libero', 'Libero', 'Libero', 'Libero', 'Libero', 'Libero'),
('P162', 'Libero', '1AE', '2DM', '1CI', '1CI', '2DM', 'Libero', '1AE'),
('P163', '4BM', '4CM', '1TR', 'Libero', '5CM', '1AM', 'Libero', 'Libero'),
('P164', '3DI', '3DI', '3AT', '3AT', '3DI', 'Libero', 'Libero', 'Libero'),
('P165', 'Libero', 'Libero', 'Libero', 'Libero', '1AC', '1BL', '2FI', '2CI'),
('P166', 'Libero', 'Libero', 'Libero', 'Libero', 'Libero', '1BI', '3AC', '3AC'),
('P167', 'Libero', 'Libero', 'Libero', 'Libero', '2BM', '2BM', '2CM', '1AC'),
('P168', 'Libero', 'Libero', 'Libero', 'Libero', '3BI', '3BI', '3BI', '3BI'),
('P169', 'Libero', 'Libero', 'Libero', '2BM', 'Libero', '4SP', '3AE', '3AB'),
('P170', '4AE', '4AE', 'Libero', 'Libero', '3AN', '3AN', '3AN', '3AN'),
('P171', '1BE', '1BE', '3CI', '3CI', 'Libero', 'Libero', 'Libero', 'Libero'),
('P172', 'Libero', 'Libero', 'Libero', 'Libero', 'Libero', '5AE', '5BE', '5BE'),
('P173', '2BC', '1DI', '2AC', '2FI', 'Libero', 'Libero', 'Libero', 'Libero'),
('P174', '5AI', '1BC', '1AC', 'Libero', 'Libero', 'Libero', 'Libero', 'Libero'),
('P175', '3AT', '3AT', '5AT', '3BN', 'Libero', 'Libero', 'Libero', 'Libero'),
('P176', 'Libero', 'Libero', 'Libero', 'Libero', 'Libero', 'Libero', 'Libero', 'Libero'),
('P177', '4TR', '5AM', 'Libero', '5BM', '4AE', '5BE', '5AN', 'Libero'),
('P178', 'Libero', 'Libero', 'Libero', 'Libero', 'Libero', 'Libero', 'Libero', 'Libero'),
('P179', 'Libero', 'Libero', 'Libero', 'Libero', '4AM', '5AM', '3DM', '3DM'),
('P180', '3AM', '3BM', 'Libero', 'Libero', 'Libero', 'Libero', 'Libero', 'Libero'),
('P181', 'Libero', 'Libero', 'Libero', 'Libero', 'Libero', '1AC', '3BB', '3BB'),
('P182', '3AC', '3AC', 'Libero', '5AB', '5AB', 'Libero', '4AC', '4AC'),
('P183', '1FI', 'Libero', 'Libero', 'Libero', 'Libero', 'Libero', 'Libero', 'Libero'),
('P184', 'Libero', 'Libero', 'Libero', 'Libero', 'Libero', '2FI', 'Libero', '2AE'),
('P185', '4DI', '3CM', '4CI', '4CI', 'Libero', 'Libero', 'Libero', 'Libero'),
('P186', '1AE', '5BE', '1BE', 'Libero', 'Libero', 'Libero', 'Libero', 'Libero'),
('P187', '2BI', '2AM', '2AI', '1AI', 'Libero', 'Libero', 'Libero', 'Libero'),
('P188', 'Libero', 'Libero', 'Libero', 'Libero', 'Libero', 'Libero', 'Libero', 'Libero'),
('P189', 'Libero', 'Libero', 'Libero', 'Libero', 'Libero', '5TR', 'Libero', '4TR'),
('P190', '1CM', '5TR', '5TR', '1TR', 'Libero', 'Libero', 'Libero', 'Libero'),
('P191', 'Libero', 'Libero', 'Libero', '4AI', '4AI', 'Libero', '3CI', '3BI'),
('P192', 'Libero', 'Libero', 'Libero', '2BC', '3AL', '4AB', 'Libero', '5BM');

-- --------------------------------------------------------

--
-- Struttura della tabella `orarioprofmartedì`
--

CREATE TABLE `orarioprofmartedì` (
  `IdProf` varchar(4) NOT NULL,
  `primaOra` varchar(6) DEFAULT 'Libero',
  `secondaOra` varchar(6) DEFAULT 'Libero',
  `terzaOra` varchar(6) DEFAULT 'Libero',
  `quartaOra` varchar(6) DEFAULT 'Libero',
  `quintaOra` varchar(6) DEFAULT 'Libero',
  `sestaOra` varchar(6) DEFAULT 'Libero'
) ENGINE=InnoDB DEFAULT CHARSET=utf8mb4 COLLATE=utf8mb4_general_ci;

--
-- Dump dei dati per la tabella `orarioprofmartedì`
--

INSERT INTO `orarioprofmartedì` (`IdProf`, `primaOra`, `secondaOra`, `terzaOra`, `quartaOra`, `quintaOra`, `sestaOra`) VALUES
('P000', 'Libero', '5AE', '3AN', '3AE', '3BI', 'Libero'),
('P001', '1CI', 'Libero', '2AC', 'Libero', 'Libero', 'Libero'),
('P002', 'Libero', 'Libero', '4AE', '4AE', '3AE', '3AE'),
('P003', 'Libero', 'Libero', '1BL', '5AT', '5AL', '3AB'),
('P004', '2FI', '2EI', '1BI', 'Libero', 'Libero', 'Libero'),
('P005', '2AE', '4BN', 'Libero', 'Libero', 'Libero', 'Libero'),
('P006', 'Libero', 'Libero', '4CM', '4CM', '2BE', '2AE'),
('P007', '3AN', '3AN', 'Libero', 'Libero', 'Libero', 'Libero'),
('P008', '4AM', '5AM', '2CM', '3TR', 'Libero', 'Libero'),
('P009', 'Libero', 'Libero', 'Libero', '1AL', '4TR', '4TR'),
('P010', 'Libero', 'Libero', 'Libero', '2BE', '2AE', '2CM'),
('P011', 'Libero', 'Libero', 'Libero', 'Libero', '2FI', '2FI'),
('P012', '4AE', '4AN', '4AN', 'Libero', '5AT', '5AT'),
('P013', '3AM', '3AM', '5AM', '5AM', 'Libero', 'Libero'),
('P014', '5BM', '5BM', '2BM', 'Libero', 'Libero', 'Libero'),
('P015', '3AC', '3AC', 'Libero', 'Libero', 'Libero', 'Libero'),
('P016', '4AC', '2BC', 'Libero', '5AB', '5AC', '5AC'),
('P017', 'Libero', 'Libero', 'Libero', 'Libero', 'Libero', 'Libero'),
('P018', 'Libero', 'Libero', 'Libero', '2AE', '2AI', '2BE'),
('P019', '2DM', '2AE', '1BM', 'Libero', 'Libero', 'Libero'),
('P020', 'Libero', 'Libero', 'Libero', 'Libero', '1CI', '1CM'),
('P021', '5BI', '5CI', '4AM', 'Libero', 'Libero', 'Libero'),
('P022', 'Libero', 'Libero', 'Libero', 'Libero', '2BM', '1AM'),
('P023', '1GI', '1TR', '1EI', 'Libero', 'Libero', 'Libero'),
('P024', '3CI', '3CI', '4EI', '4EI', 'Libero', 'Libero'),
('P025', '1CM', '2AM', '2BM', '2CM', 'Libero', 'Libero'),
('P026', 'Libero', 'Libero', 'Libero', '1BI', '1AE', '3SP'),
('P027', '2DI', '2GI', '3AT', 'Libero', 'Libero', 'Libero'),
('P028', '4BI', '4BI', '3BI', 'Libero', '5BI', '5BI'),
('P029', 'Libero', 'Libero', '1SP', '1SP', '3AL', '3AL'),
('P030', 'Libero', 'Libero', 'Libero', '2DM', '1BM', '3DI'),
('P031', 'Libero', '4AC', '4AC', 'Libero', 'Libero', 'Libero'),
('P032', 'Libero', 'Libero', '5BI', '5BI', '5BE', '5BE'),
('P033', '2BM', '5AI', '2DI', '2DI', 'Libero', 'Libero'),
('P034', '1BI', '1GI', 'Libero', 'Libero', 'Libero', 'Libero'),
('P035', '4EI', '3AT', '2EI', 'Libero', '2EI', '3AT'),
('P036', 'Libero', 'Libero', '2FI', '1EI', '1DI', 'Libero'),
('P037', '1EI', '1BL', 'Libero', '1DI', '1SP', 'Libero'),
('P038', 'Libero', 'Libero', '5CI', '5CI', '4EI', '4EI'),
('P039', '5AL', '2AL', 'Libero', 'Libero', 'Libero', 'Libero'),
('P040', 'Libero', 'Libero', '5CM', '4AM', '4AM', '3BM'),
('P041', '1AC', '1AC', '1BC', '1BC', 'Libero', 'Libero'),
('P042', 'Libero', 'Libero', 'Libero', 'Libero', 'Libero', '4BN'),
('P043', 'Libero', 'Libero', '5AI', '5AI', 'Libero', '3BI'),
('P044', 'Libero', '4DI', '4DI', 'Libero', '4EI', '4EI'),
('P045', 'Libero', 'Libero', '3BB', '2BL', '4AB', '3BB'),
('P046', '5AC', '5AC', '5AC', '3AC', 'Libero', 'Libero'),
('P047', 'Libero', 'Libero', 'Libero', 'Libero', '5AB', '5AB'),
('P048', '1AL', 'Libero', 'Libero', 'Libero', 'Libero', 'Libero'),
('P049', 'Libero', 'Libero', 'Libero', '2BC', '4SP', '1CI'),
('P050', 'Libero', 'Libero', 'Libero', 'Libero', '5BI', '5BI'),
('P051', 'Libero', 'Libero', 'Libero', 'Libero', '2SP', '5SP'),
('P052', '5CM', '4CM', '2DM', 'Libero', 'Libero', 'Libero'),
('P053', 'Libero', 'Libero', 'Libero', '5BM', '5BM', '5CM'),
('P054', '3SP', '3SP', '2SP', '3AL', 'Libero', 'Libero'),
('P055', '4AI', '4AB', '4TR', 'Libero', '4BN', '3DM'),
('P056', '5AN', '5AT', '5AT', '5AE', '5AE', 'Libero'),
('P057', '4AE', '4AE', '3AE', 'Libero', 'Libero', 'Libero'),
('P058', '3AI', '3AI', '3AI', 'Libero', 'Libero', 'Libero'),
('P059', '1AE', '1AE', 'Libero', '3SP', '1BE', '1BE'),
('P060', 'Libero', '5SP', '1DI', 'Libero', '1BI', '2BI'),
('P061', 'Libero', 'Libero', 'Libero', 'Libero', '5DI', '2BC'),
('P062', '2CI', '2FI', 'Libero', 'Libero', 'Libero', 'Libero'),
('P063', '1BL', '3BM', 'Libero', '2FI', 'Libero', 'Libero'),
('P064', '5DI', '5DI', '5CI', '5CI', 'Libero', 'Libero'),
('P065', '2BI', '1CI', '2CI', '2EI', 'Libero', 'Libero'),
('P066', 'Libero', 'Libero', 'Libero', 'Libero', '3AM', '3AM'),
('P067', '1AI', '2DM', '1AE', 'Libero', 'Libero', 'Libero'),
('P068', 'Libero', 'Libero', '2CI', '2AE', '3BM', 'Libero'),
('P069', '1BE', '2CI', '1CI', 'Libero', 'Libero', 'Libero'),
('P070', 'Libero', 'Libero', 'Libero', '3AN', '3BN', '3AN'),
('P071', 'Libero', 'Libero', 'Libero', 'Libero', '1AL', '4AL'),
('P072', '5CI', '5CM', 'Libero', 'Libero', 'Libero', 'Libero'),
('P073', 'Libero', 'Libero', 'Libero', 'Libero', '4DI', '4CI'),
('P074', '5BM', '5BM', 'Libero', '2BM', '2AM', 'Libero'),
('P075', '2SP', '2SP', '2AL', '2AL', 'Libero', 'Libero'),
('P076', 'Libero', 'Libero', 'Libero', '3AM', '3BM', '4AM'),
('P077', 'Libero', 'Libero', 'Libero', 'Libero', '5AT', '5AT'),
('P078', 'Libero', 'Libero', 'Libero', '5AE', '5AE', '4AE'),
('P079', '4AL', '4SP', '4SP', '5SP', 'Libero', 'Libero'),
('P080', '4AN', '2BE', '4AN', '4BN', 'Libero', 'Libero'),
('P081', '3AM', '3AM', '5AM', '5AM', 'Libero', 'Libero'),
('P082', 'Libero', 'Libero', 'Libero', '2AC', '2BC', '1BC'),
('P083', 'Libero', 'Libero', '5BM', '3BM', '3TR', '5AM'),
('P084', 'Libero', 'Libero', '4AI', '4AI', '5AI', '2AI'),
('P085', 'Libero', 'Libero', 'Libero', '1CM', '1DI', '2DI'),
('P086', 'Libero', 'Libero', '1BI', '1GI', '1AM', '1BM'),
('P087', 'Libero', 'Libero', 'Libero', 'Libero', '1FI', '1GI'),
('P088', 'Libero', 'Libero', 'Libero', 'Libero', '3AI', '4BI'),
('P089', 'Libero', 'Libero', 'Libero', 'Libero', 'Libero', 'Libero'),
('P090', 'Libero', '2BC', 'Libero', '3BB', '5AB', '5AB'),
('P091', '2FI', '2EI', 'Libero', 'Libero', 'Libero', 'Libero'),
('P092', 'Libero', 'Libero', '1FI', '2SP', '1GI', '1FI'),
('P093', '4CI', '3CM', '3AM', '4AN', 'Libero', 'Libero'),
('P094', 'Libero', 'Libero', '3TR', '4CI', '4BM', '3CI'),
('P095', '5AT', '2AI', '5DI', 'Libero', 'Libero', 'Libero'),
('P096', '4TR', '3TR', '3CM', 'Libero', 'Libero', 'Libero'),
('P097', 'Libero', '1BI', 'Libero', '4EI', 'Libero', '4CI'),
('P098', 'Libero', '1BC', 'Libero', 'Libero', '1BL', '1AC'),
('P099', '5AM', '3DM', '3DM', 'Libero', 'Libero', 'Libero'),
('P100', '2AL', '1AL', 'Libero', 'Libero', 'Libero', 'Libero'),
('P101', '3DI', '3DI', '5BE', 'Libero', '5TR', 'Libero'),
('P102', 'Libero', 'Libero', 'Libero', '1AM', '5AM', '5AN'),
('P103', 'Libero', 'Libero', 'Libero', 'Libero', '5SP', '4SP'),
('P104', '3DI', '3DI', '4BI', '4BI', 'Libero', 'Libero'),
('P105', 'Libero', '5AT', '5AT', '5AN', '5AN', '4BN'),
('P106', '5AE', '5BE', '1BE', 'Libero', 'Libero', 'Libero'),
('P107', '4AB', '5AB', 'Libero', '4AL', '3SP', 'Libero'),
('P108', 'Libero', 'Libero', 'Libero', 'Libero', '3CI', '1EI'),
('P109', 'Libero', 'Libero', '2FI', '1EI', 'Libero', 'Libero'),
('P110', '4TR', 'Libero', 'Libero', 'Libero', 'Libero', 'Libero'),
('P111', 'Libero', '4AI', '1AL', 'Libero', '4BI', 'Libero'),
('P112', 'Libero', 'Libero', '2BI', '3BI', '2BI', '1BI'),
('P113', 'Libero', 'Libero', 'Libero', 'Libero', '1TR', '1TR'),
('P114', 'Libero', 'Libero', '4BN', '1BE', 'Libero', '1AE'),
('P115', '4CM', '4AM', 'Libero', '3CM', 'Libero', 'Libero'),
('P116', 'Libero', '4BM', '4BM', '5BM', '5BM', 'Libero'),
('P117', '1AM', '1AM', 'Libero', 'Libero', 'Libero', 'Libero'),
('P118', 'Libero', 'Libero', 'Libero', 'Libero', '2DI', '2EI'),
('P119', 'Libero', 'Libero', 'Libero', '4AM', '4AM', '5AM'),
('P120', '5AB', '3AL', '5AB', 'Libero', 'Libero', 'Libero'),
('P121', 'Libero', '5TR', '5TR', 'Libero', 'Libero', 'Libero'),
('P122', '5AI', 'Libero', '4AL', '3DI', '3DI', 'Libero'),
('P123', '3DM', '4BM', '4BM', 'Libero', 'Libero', 'Libero'),
('P124', 'Libero', 'Libero', 'Libero', 'Libero', '3AB', '3AC'),
('P125', '4BI', '4BI', '3AI', '3DI', '3DI', 'Libero'),
('P126', 'Libero', 'Libero', '3AC', '4TR', '1EI', '5DI'),
('P127', 'Libero', 'Libero', 'Libero', '5AC', '3BB', '4AB'),
('P128', '5SP', '4TR', 'Libero', 'Libero', 'Libero', 'Libero'),
('P129', '2BL', 'Libero', '5AL', '3AI', 'Libero', 'Libero'),
('P130', 'Libero', 'Libero', 'Libero', 'Libero', '4AN', '4AN'),
('P131', 'Libero', '2BL', '2BL', 'Libero', 'Libero', 'Libero'),
('P132', '2CM', '2CM', '3AB', '3AB', '4AI', 'Libero'),
('P133', 'Libero', 'Libero', '3SP', '4SP', '5CI', '5TR'),
('P134', '1BC', '2AC', '2BC', 'Libero', 'Libero', 'Libero'),
('P135', '3AE', '1FI', '1GI', 'Libero', 'Libero', 'Libero'),
('P136', '2EI', 'Libero', '1CM', '1BM', 'Libero', 'Libero'),
('P137', 'Libero', 'Libero', 'Libero', 'Libero', 'Libero', 'Libero'),
('P138', '2AI', '1BI', 'Libero', '2BI', 'Libero', 'Libero'),
('P139', '1TR', 'Libero', '1AI', '1AC', 'Libero', 'Libero'),
('P140', '2BC', '3AB', 'Libero', 'Libero', 'Libero', 'Libero'),
('P141', 'Libero', 'Libero', 'Libero', '3BN', '4AE', '3AI'),
('P142', '3AT', '1DI', '3DI', 'Libero', 'Libero', 'Libero'),
('P143', '1BM', '2BI', 'Libero', 'Libero', 'Libero', 'Libero'),
('P144', 'Libero', 'Libero', 'Libero', '5AL', '4AL', '5CI'),
('P145', 'Libero', 'Libero', '5AB', 'Libero', '5AC', '5AC'),
('P146', 'Libero', 'Libero', '5SP', '1FI', 'Libero', '3CM'),
('P147', 'Libero', 'Libero', '3AL', '1GI', '2AL', '2BM'),
('P148', 'Libero', 'Libero', '2AM', '1TR', '1AM', '1BM'),
('P149', '3AL', '4AL', 'Libero', 'Libero', 'Libero', 'Libero'),
('P150', 'Libero', 'Libero', 'Libero', 'Libero', '1AI', '1AI'),
('P151', '4SP', '5AL', '2BE', '2AI', 'Libero', 'Libero'),
('P152', 'Libero', 'Libero', 'Libero', '4DI', '2BL', '5AL'),
('P153', 'Libero', 'Libero', '4AB', 'Libero', '4AC', '4AC'),
('P154', 'Libero', 'Libero', 'Libero', '3DM', '3DM', '4CM'),
('P155', '3BI', '3BI', 'Libero', '2CI', '2CI', 'Libero'),
('P156', '1SP', '1SP', 'Libero', 'Libero', 'Libero', 'Libero'),
('P157', '1DI', '2DI', 'Libero', 'Libero', 'Libero', 'Libero'),
('P158', 'Libero', 'Libero', 'Libero', '2AM', '3AN', '2AM'),
('P159', '4BN', '4AN', '4BI', '4BI', 'Libero', 'Libero'),
('P160', '4BM', '1BM', '3BM', '4BM', 'Libero', 'Libero'),
('P161', 'Libero', 'Libero', 'Libero', 'Libero', 'Libero', 'Libero'),
('P162', 'Libero', 'Libero', 'Libero', '1CI', '2DM', '2DM'),
('P163', 'Libero', 'Libero', '1AM', '5CM', '4CM', '4BM'),
('P164', '1AC', '1AC', 'Libero', '3CI', '1TR', '1TR'),
('P165', 'Libero', 'Libero', 'Libero', '1BL', '1AC', '2CI'),
('P166', '4AC', '4AC', '4AC', 'Libero', 'Libero', 'Libero'),
('P167', '2AC', '2BM', 'Libero', 'Libero', 'Libero', 'Libero'),
('P168', 'Libero', '4DI', '4DI', 'Libero', '4BI', 'Libero'),
('P169', '3AB', '3AE', 'Libero', 'Libero', 'Libero', 'Libero'),
('P170', 'Libero', 'Libero', '3AE', '3AT', '3AT', '3BN'),
('P171', '3CI', '3CI', '1BC', '1BC', 'Libero', 'Libero'),
('P172', 'Libero', 'Libero', '5BE', '5AN', '5AN', 'Libero'),
('P173', 'Libero', 'Libero', 'Libero', '1AI', '2AC', '1DI'),
('P174', 'Libero', 'Libero', '1AC', 'Libero', '1BC', '5AI'),
('P175', 'Libero', 'Libero', '3BN', '3AT', '3AT', '3BN'),
('P176', '5AN', '5AN', 'Libero', 'Libero', 'Libero', 'Libero'),
('P177', '4DI', '4EI', '5AN', '5BE', 'Libero', 'Libero'),
('P178', 'Libero', 'Libero', 'Libero', 'Libero', '2CM', '3TR'),
('P179', 'Libero', 'Libero', '3CM', '3DM', '3DM', '4CM'),
('P180', '3BM', '5BI', 'Libero', 'Libero', 'Libero', 'Libero'),
('P181', 'Libero', 'Libero', 'Libero', '3BB', '3AC', '2AC'),
('P182', '5AC', '5AC', '5AC', '5AB', '4AC', '4AC'),
('P183', '1FI', '1EI', 'Libero', 'Libero', 'Libero', 'Libero'),
('P184', '2BE', 'Libero', '2AE', 'Libero', 'Libero', 'Libero'),
('P185', '3CM', '4CI', '4CI', 'Libero', '3CM', '4DI'),
('P186', '5BE', '1BE', '3CI', '1AE', 'Libero', 'Libero'),
('P187', '2AM', '1AI', '2AI', 'Libero', 'Libero', 'Libero'),
('P188', 'Libero', 'Libero', 'Libero', '1AI', '2AC', '2BE'),
('P189', '3TR', '5TR', '5TR', '5TR', 'Libero', 'Libero'),
('P190', '5TR', '1CM', '1TR', 'Libero', '1CM', 'Libero'),
('P191', 'Libero', 'Libero', 'Libero', '3CI', '4CI', '4AI'),
('P192', 'Libero', 'Libero', 'Libero', '4AB', '5CM', '5BM');

-- --------------------------------------------------------

--
-- Struttura della tabella `orarioprofmercoledì`
--

CREATE TABLE `orarioprofmercoledì` (
  `IdProf` varchar(4) NOT NULL,
  `primaOra` varchar(6) DEFAULT 'Libero',
  `secondaOra` varchar(6) DEFAULT 'Libero',
  `terzaOra` varchar(6) DEFAULT 'Libero',
  `quartaOra` varchar(6) DEFAULT 'Libero',
  `quintaOra` varchar(6) DEFAULT 'Libero',
  `sestaOra` varchar(6) DEFAULT 'Libero'
) ENGINE=InnoDB DEFAULT CHARSET=utf8mb4 COLLATE=utf8mb4_general_ci;

--
-- Dump dei dati per la tabella `orarioprofmercoledì`
--

INSERT INTO `orarioprofmercoledì` (`IdProf`, `primaOra`, `secondaOra`, `terzaOra`, `quartaOra`, `quintaOra`, `sestaOra`) VALUES
('P000', 'Libero', 'Libero', 'Libero', '3AE', '3BI', '3AN'),
('P001', '1AI', '2SP', '5BE', 'Libero', 'Libero', 'Libero'),
('P002', '3AE', '3AE', '3AE', '4AE', 'Libero', 'Libero'),
('P003', 'Libero', 'Libero', '2BL', 'Libero', '3AL', '5AI'),
('P004', '2CI', '2EI', '2BI', '2DI', 'Libero', 'Libero'),
('P005', 'Libero', 'Libero', '2DM', '2BE', '2AE', '4EI'),
('P006', '2AE', '2AE', 'Libero', 'Libero', 'Libero', 'Libero'),
('P007', '4AN', '3AN', 'Libero', '5AE', '5AE', 'Libero'),
('P008', 'Libero', 'Libero', '5AM', '4AM', '3DM', '3TR'),
('P009', '4TR', '1AL', '1BL', '1BL', 'Libero', 'Libero'),
('P010', 'Libero', '2AM', '2AE', '3DM', 'Libero', '2BM'),
('P011', 'Libero', 'Libero', 'Libero', 'Libero', '5AT', '5AT'),
('P012', '5AT', '5AT', '4AN', 'Libero', 'Libero', '4AE'),
('P013', 'Libero', 'Libero', '3AM', '3AM', '4AM', '4AM'),
('P014', '4CM', '4CM', '3CM', '3CM', 'Libero', 'Libero'),
('P015', '5BM', '4AE', '4AE', 'Libero', '3AC', '3AC'),
('P016', '5AB', '2BC', 'Libero', 'Libero', 'Libero', 'Libero'),
('P017', '1BM', '1BM', 'Libero', 'Libero', 'Libero', 'Libero'),
('P018', 'Libero', 'Libero', 'Libero', '2AE', '2AI', '2BE'),
('P019', '1CM', '2BM', '1BE', 'Libero', 'Libero', 'Libero'),
('P020', '1CI', '1CM', 'Libero', 'Libero', 'Libero', 'Libero'),
('P021', '5AI', '4AN', '4AB', '5AT', 'Libero', 'Libero'),
('P022', 'Libero', 'Libero', 'Libero', 'Libero', '2CM', '1AM'),
('P023', '1FI', '2DI', 'Libero', 'Libero', 'Libero', 'Libero'),
('P024', '4CI', '4CI', '4EI', '4EI', 'Libero', 'Libero'),
('P025', '2AM', '1AM', '2BM', 'Libero', 'Libero', 'Libero'),
('P026', '2BM', '1AI', 'Libero', 'Libero', 'Libero', 'Libero'),
('P027', 'Libero', 'Libero', 'Libero', 'Libero', '2GI', '2DI'),
('P028', 'Libero', 'Libero', 'Libero', 'Libero', '4BI', '4BI'),
('P029', '1SP', '4AL', 'Libero', 'Libero', 'Libero', 'Libero'),
('P030', 'Libero', 'Libero', '1BM', '5AB', '3AN', '5AC'),
('P031', 'Libero', 'Libero', 'Libero', 'Libero', '4AC', '4AC'),
('P032', '5BE', '1BE', '5BI', '5BI', 'Libero', 'Libero'),
('P033', 'Libero', 'Libero', 'Libero', 'Libero', '2DI', '5BM'),
('P034', '1GI', '1BI', '1BI', 'Libero', 'Libero', 'Libero'),
('P035', '4EI', '3AT', '3DI', 'Libero', 'Libero', 'Libero'),
('P036', 'Libero', '2DM', '3AB', '3AB', '2BM', 'Libero'),
('P037', '2DM', '1BL', 'Libero', 'Libero', 'Libero', 'Libero'),
('P038', 'Libero', 'Libero', 'Libero', 'Libero', '5DI', '5DI'),
('P039', 'Libero', 'Libero', 'Libero', 'Libero', '2AL', '1BE'),
('P040', 'Libero', 'Libero', 'Libero', '5TR', '5TR', '5CM'),
('P041', '2EI', '1AC', 'Libero', 'Libero', 'Libero', 'Libero'),
('P042', 'Libero', '4TR', '4TR', '4BN', '4BN', 'Libero'),
('P043', '3BI', '5CI', 'Libero', 'Libero', 'Libero', 'Libero'),
('P044', '4DI', '4EI', '1DI', 'Libero', 'Libero', 'Libero'),
('P045', '4AB', '4AB', '3BB', '3BB', 'Libero', 'Libero'),
('P046', '5AC', '5AC', '5AC', '3AC', 'Libero', 'Libero'),
('P047', 'Libero', 'Libero', 'Libero', '5AC', '4AB', '4AB'),
('P048', 'Libero', 'Libero', '1AE', 'Libero', 'Libero', 'Libero'),
('P049', '2AC', '2AI', '5TR', 'Libero', 'Libero', 'Libero'),
('P050', '5BI', '5BI', 'Libero', 'Libero', 'Libero', 'Libero'),
('P051', 'Libero', 'Libero', '2SP', '3SP', '4SP', '5SP'),
('P052', 'Libero', 'Libero', '4CM', '4CM', '5CM', '3DM'),
('P053', 'Libero', 'Libero', 'Libero', '4BM', '3BM', '3BM'),
('P054', '3AL', '3AL', '1SP', 'Libero', 'Libero', 'Libero'),
('P055', 'Libero', 'Libero', 'Libero', '4AC', '3AT', '4AN'),
('P056', 'Libero', 'Libero', 'Libero', '5AE', '5AE', 'Libero'),
('P057', 'Libero', 'Libero', 'Libero', 'Libero', '3AE', '4AE'),
('P058', '3AI', '3AI', '3AI', 'Libero', 'Libero', 'Libero'),
('P059', '4SP', '4SP', '3SP', 'Libero', '2EI', '2EI'),
('P060', 'Libero', 'Libero', 'Libero', '1BI', '1EI', '5BI'),
('P061', '1BC', '5DI', '2BC', '2BC', 'Libero', 'Libero'),
('P062', 'Libero', 'Libero', 'Libero', '3AI', '4AI', '2FI'),
('P063', '1AL', '2FI', 'Libero', 'Libero', 'Libero', 'Libero'),
('P064', 'Libero', 'Libero', '5CI', 'Libero', '5DI', '5DI'),
('P065', 'Libero', 'Libero', '2EI', '2BI', '1CI', '2CI'),
('P066', '4AM', '3AM', 'Libero', 'Libero', 'Libero', 'Libero'),
('P067', 'Libero', 'Libero', 'Libero', 'Libero', '1BI', '1AI'),
('P068', '4BM', '4BM', '2EI', '2BI', 'Libero', 'Libero'),
('P069', '1BE', '1AE', '2BE', 'Libero', 'Libero', 'Libero'),
('P070', '3BN', '3BN', '3BN', 'Libero', 'Libero', 'Libero'),
('P071', '4AL', '5AL', '1AL', 'Libero', 'Libero', 'Libero'),
('P072', 'Libero', 'Libero', '2CI', '5CM', '2CI', '5CI'),
('P073', '3CI', '3CI', '4CI', '4DI', 'Libero', 'Libero'),
('P074', 'Libero', 'Libero', '5BM', '5AM', '5AM', '2AM'),
('P075', 'Libero', 'Libero', 'Libero', 'Libero', '2BC', '2BC'),
('P076', '4BM', '4BM', '4AM', 'Libero', 'Libero', 'Libero'),
('P077', '5AT', '5AT', '3CI', '3CI', 'Libero', 'Libero'),
('P078', '4AE', '5BE', '5AE', 'Libero', 'Libero', 'Libero'),
('P079', 'Libero', 'Libero', 'Libero', '5SP', '3SP', '5AL'),
('P080', 'Libero', 'Libero', 'Libero', 'Libero', '2BE', '4BN'),
('P081', 'Libero', 'Libero', '3AM', '3AM', '4AM', '4AM'),
('P082', '2BC', '1BC', 'Libero', '1AC', '1AI', 'Libero'),
('P083', '3AM', '5BM', 'Libero', 'Libero', 'Libero', 'Libero'),
('P084', 'Libero', 'Libero', '2AI', '4AI', '5AI', '4AI'),
('P085', 'Libero', 'Libero', 'Libero', 'Libero', '1DI', '2CM'),
('P086', 'Libero', '2BE', '2BI', '1TR', '2AM', 'Libero'),
('P087', '1TR', '2DM', 'Libero', 'Libero', 'Libero', 'Libero'),
('P088', '3AN', '2CM', '2CM', '4BI', 'Libero', 'Libero'),
('P089', 'Libero', 'Libero', 'Libero', '5BM', '4CM', 'Libero'),
('P090', 'Libero', 'Libero', 'Libero', 'Libero', '4AB', '4AB'),
('P091', '2CI', '1BC', 'Libero', '2DI', 'Libero', 'Libero'),
('P092', '2SP', '1FI', '1GI', '1GI', 'Libero', 'Libero'),
('P093', 'Libero', '4AM', '4BM', '3BI', '4DI', 'Libero'),
('P094', 'Libero', 'Libero', 'Libero', '3TR', '3CI', '5AM'),
('P095', '5DI', '4AI', '5AT', '3AT', 'Libero', 'Libero'),
('P096', '5CM', '5CM', '3TR', 'Libero', 'Libero', 'Libero'),
('P097', '4CI', '4CI', '1AI', '1AI', 'Libero', 'Libero'),
('P098', 'Libero', 'Libero', 'Libero', '1BC', '1AC', 'Libero'),
('P099', '4CM', '4CM', '3DM', 'Libero', '3CM', '3CM'),
('P100', 'Libero', 'Libero', '5AN', '1AL', '1AL', '4DI'),
('P101', 'Libero', '4TR', '4TR', '5BE', '5BE', 'Libero'),
('P102', '5AM', '5AM', '1AM', '1AM', 'Libero', 'Libero'),
('P103', '3BM', '3BM', '5SP', 'Libero', 'Libero', 'Libero'),
('P104', 'Libero', 'Libero', '3CI', '3CI', 'Libero', 'Libero'),
('P105', '5AN', '5AN', 'Libero', '4BN', '4BN', 'Libero'),
('P106', '5AE', '5AE', 'Libero', '1AE', '1AE', 'Libero'),
('P107', 'Libero', 'Libero', '4AL', '1BE', '5AB', '3SP'),
('P108', '3TR', '3TR', '1EI', '1EI', 'Libero', 'Libero'),
('P109', '2FI', 'Libero', 'Libero', 'Libero', 'Libero', 'Libero'),
('P110', 'Libero', 'Libero', 'Libero', 'Libero', 'Libero', 'Libero'),
('P111', '5BI', '5BI', '4AI', 'Libero', 'Libero', 'Libero'),
('P112', '2BI', '3BI', '3BI', 'Libero', 'Libero', 'Libero'),
('P113', '1BM', '1BM', 'Libero', '5CI', '5CI', 'Libero'),
('P114', 'Libero', 'Libero', 'Libero', 'Libero', '4AE', '5BE'),
('P115', 'Libero', 'Libero', 'Libero', '4AN', '1CM', '1CI'),
('P116', 'Libero', 'Libero', '4CM', '4CM', '4BM', '4BM'),
('P117', 'Libero', 'Libero', '3AN', '3AN', '2DM', '2DM'),
('P118', '2DI', 'Libero', '4BI', '2CI', 'Libero', 'Libero'),
('P119', 'Libero', 'Libero', 'Libero', '5BM', '3CM', '3CM'),
('P120', '2AL', '5AB', '5AB', 'Libero', 'Libero', 'Libero'),
('P121', '5TR', '5TR', 'Libero', '5TR', '5TR', 'Libero'),
('P122', '3DI', '5AI', '5AI', 'Libero', 'Libero', 'Libero'),
('P123', 'Libero', 'Libero', '3CM', '3CM', '4BM', '4BM'),
('P124', '3BB', '2AC', '3AC', 'Libero', 'Libero', 'Libero'),
('P125', '3AI', '5AI', '5AI', 'Libero', 'Libero', 'Libero'),
('P126', 'Libero', 'Libero', '5DI', '2EI', '4TR', '1EI'),
('P127', 'Libero', '4AC', 'Libero', '4AB', '5AC', '5AB'),
('P128', '5SP', '1GI', '1TR', 'Libero', 'Libero', 'Libero'),
('P129', '2BL', 'Libero', '5AL', '4AL', '3AI', 'Libero'),
('P130', 'Libero', 'Libero', 'Libero', '2SP', '4AN', '5AN'),
('P131', '5AL', '2BL', 'Libero', 'Libero', 'Libero', 'Libero'),
('P132', '4BI', 'Libero', '1FI', '1FI', 'Libero', 'Libero'),
('P133', '5CI', '1SP', '4SP', '4TR', 'Libero', 'Libero'),
('P134', 'Libero', 'Libero', 'Libero', 'Libero', '1BC', '4CI'),
('P135', 'Libero', 'Libero', 'Libero', 'Libero', '3AM', '1GI'),
('P136', 'Libero', 'Libero', 'Libero', 'Libero', '1AM', '2BI'),
('P137', 'Libero', 'Libero', 'Libero', 'Libero', 'Libero', 'Libero'),
('P138', '2AI', '2BI', '1AI', '1AI', 'Libero', 'Libero'),
('P139', '1BI', '1EI', 'Libero', '1BM', '1FI', '1BC'),
('P140', '3AB', '3AB', 'Libero', 'Libero', 'Libero', 'Libero'),
('P141', '4AI', '4BI', 'Libero', 'Libero', 'Libero', 'Libero'),
('P142', '3AT', '3DI', 'Libero', '1DI', 'Libero', 'Libero'),
('P143', 'Libero', 'Libero', 'Libero', '2AI', '2BM', '1BI'),
('P144', 'Libero', 'Libero', 'Libero', '5AL', '5AL', '4SP'),
('P145', '3AB', '3AB', '2BE', 'Libero', 'Libero', 'Libero'),
('P146', 'Libero', '3CM', 'Libero', '2BL', '2BL', '1FI'),
('P147', '2CM', '2AL', '3AL', 'Libero', '2SP', '1AE'),
('P148', 'Libero', 'Libero', 'Libero', '1TR', '2AM', '1CM'),
('P149', 'Libero', 'Libero', 'Libero', '3AL', '4AL', '4AL'),
('P150', '3SP', '3SP', '2AL', '2AL', 'Libero', 'Libero'),
('P151', 'Libero', '2BE', 'Libero', '4SP', '5SP', '2AE'),
('P152', 'Libero', 'Libero', 'Libero', '3DI', '1BL', '3DI'),
('P153', '4AC', '3BB', '3AB', '3AB', 'Libero', 'Libero'),
('P154', 'Libero', 'Libero', 'Libero', 'Libero', 'Libero', 'Libero'),
('P155', '1DI', '1DI', '1CI', '1CI', 'Libero', 'Libero'),
('P156', 'Libero', 'Libero', '2DI', '1SP', '1SP', '1DI'),
('P157', 'Libero', 'Libero', 'Libero', 'Libero', '1GI', '1TR'),
('P158', 'Libero', 'Libero', '2AM', '2AM', '3DI', '3AE'),
('P159', '4BN', 'Libero', '4AN', 'Libero', 'Libero', 'Libero'),
('P160', 'Libero', 'Libero', '3BM', '3BM', '1BM', '1BM'),
('P161', 'Libero', '3AE', '3AE', 'Libero', 'Libero', 'Libero'),
('P162', '1AE', '1CI', 'Libero', 'Libero', 'Libero', 'Libero'),
('P163', '1AM', '1TR', '5CM', 'Libero', 'Libero', 'Libero'),
('P164', 'Libero', 'Libero', 'Libero', '5CI', '5CI', '3DI'),
('P165', '1BL', '2CI', '1AC', '2FI', 'Libero', 'Libero'),
('P166', '3AC', '3AC', '3BB', '2AI', 'Libero', 'Libero'),
('P167', 'Libero', 'Libero', 'Libero', '2CM', '2AC', '1AC'),
('P168', 'Libero', 'Libero', 'Libero', '4DI', '4BI', '4BI'),
('P169', 'Libero', '5SP', 'Libero', '2BM', '3AB', '3AB'),
('P170', '3BN', '3BN', 'Libero', '3BN', '3BN', 'Libero'),
('P171', 'Libero', '3CI', '4AI', '1AE', '1AE', 'Libero'),
('P172', '5AN', '5AN', '3AT', '5BE', '5BE', 'Libero'),
('P173', 'Libero', 'Libero', 'Libero', 'Libero', '2FI', '2AC'),
('P174', '1AC', 'Libero', '1BC', '5AI', 'Libero', 'Libero'),
('P175', 'Libero', 'Libero', '3AT', '3BN', '3BN', '3AT'),
('P176', 'Libero', 'Libero', 'Libero', '5AN', '5AN', '3AI'),
('P177', 'Libero', 'Libero', 'Libero', '4CI', '4EI', '4TR'),
('P178', 'Libero', 'Libero', 'Libero', '2DM', '3TR', 'Libero'),
('P179', '5CM', '5CM', '3DM', 'Libero', 'Libero', 'Libero'),
('P180', 'Libero', 'Libero', 'Libero', 'Libero', '5BI', '3AM'),
('P181', '3AC', '3AC', '2AC', '2AC', 'Libero', 'Libero'),
('P182', '5AC', '5AC', '5AC', 'Libero', 'Libero', 'Libero'),
('P183', '1EI', 'Libero', 'Libero', 'Libero', 'Libero', 'Libero'),
('P184', '2BE', 'Libero', '2FI', 'Libero', 'Libero', 'Libero'),
('P185', '3CM', '4DI', '4DI', 'Libero', 'Libero', 'Libero'),
('P186', 'Libero', 'Libero', 'Libero', 'Libero', '1BE', '3CI'),
('P187', 'Libero', 'Libero', 'Libero', 'Libero', '2BI', '2AI'),
('P188', 'Libero', 'Libero', '1AE', '1BC', '1AC', '1BE'),
('P189', '5TR', '5TR', 'Libero', 'Libero', 'Libero', 'Libero'),
('P190', 'Libero', 'Libero', '1CM', '1CM', '1TR', '5TR'),
('P191', 'Libero', 'Libero', 'Libero', 'Libero', '4CI', '3BI'),
('P192', 'Libero', 'Libero', 'Libero', 'Libero', '5BM', '3AL');

-- --------------------------------------------------------

--
-- Struttura della tabella `orarioprofvenerdì`
--

CREATE TABLE `orarioprofvenerdì` (
  `IdProf` varchar(4) NOT NULL,
  `primaOra` varchar(6) DEFAULT 'libero',
  `secondaOra` varchar(6) DEFAULT 'libero',
  `terzaOra` varchar(6) DEFAULT 'libero',
  `quartaOra` varchar(6) DEFAULT 'libero',
  `quintaOra` varchar(6) DEFAULT 'libero',
  `sestaOra` varchar(6) DEFAULT 'libero',
  `settimaOra` varchar(6) DEFAULT 'libero'
) ENGINE=InnoDB DEFAULT CHARSET=utf8mb4 COLLATE=utf8mb4_general_ci;

--
-- Dump dei dati per la tabella `orarioprofvenerdì`
--

INSERT INTO `orarioprofvenerdì` (`IdProf`, `primaOra`, `secondaOra`, `terzaOra`, `quartaOra`, `quintaOra`, `sestaOra`, `settimaOra`) VALUES
('P000', 'libero', 'libero', '3BI', 'libero', '3AN', '5TR', 'libero'),
('P001', '1EI', '1BI', '5AN', 'libero', 'libero', 'libero', 'libero'),
('P002', '3AE', '3AE', 'libero', '4AE', '4AE', '3AE', 'libero'),
('P003', 'libero', 'libero', '4SP', '4AL', '5SP', '3SP', 'libero'),
('P004', '2FI', '2CI', '1BI', '2DI', 'libero', 'libero', 'libero'),
('P005', '4EI', '2BE', 'libero', '2AE', '2DM', '4BN', 'libero'),
('P006', '4CM', '2AE', '2BE', 'libero', '2BE', 'libero', 'libero'),
('P007', 'libero', 'libero', 'libero', 'libero', '5AE', '3AN', 'libero'),
('P008', 'libero', 'libero', 'libero', '2CM', 'libero', '5AM', 'libero'),
('P009', '1BL', '4TR', '4TR', 'libero', '1BL', '4AB', 'libero'),
('P010', '2AE', '2BM', '3DM', '2BE', 'libero', 'libero', 'libero'),
('P011', 'libero', 'libero', '5AT', 'libero', '2FI', '5AT', 'libero'),
('P012', 'libero', 'libero', 'libero', '4BN', '4BN', 'libero', 'libero'),
('P013', '1AM', 'libero', '1CM', '1BM', 'libero', 'libero', 'libero'),
('P014', 'libero', 'libero', 'libero', 'libero', '1TR', '2CM', 'libero'),
('P015', '4AE', '4AE', '5BM', 'libero', 'libero', 'libero', 'libero'),
('P016', 'libero', '2BC', '4AC', 'libero', 'libero', 'libero', 'libero'),
('P017', 'libero', 'libero', 'libero', 'libero', 'libero', 'libero', 'libero'),
('P018', 'libero', 'libero', 'libero', 'libero', 'libero', 'libero', 'libero'),
('P019', 'libero', 'libero', '1AM', 'libero', '3AE', '2FI', 'libero'),
('P020', '1CI', '1CM', 'libero', 'libero', 'libero', 'libero', 'libero'),
('P021', '4BM', '4AN', '4AM', 'libero', '4AB', 'libero', 'libero'),
('P022', 'libero', 'libero', 'libero', 'libero', 'libero', '2AM', '1CM'),
('P023', '1GI', '1EI', '2DI', 'libero', '1TR', '1BI', '1FI'),
('P024', '3CI', '3DI', 'libero', '4EI', '4EI', '4EI', 'libero'),
('P025', '1AM', 'libero', '1CM', '1BM', '2BM', '2CM', 'libero'),
('P026', '1BE', '3SP', '2BM', '1AI', 'libero', 'libero', 'libero'),
('P027', 'libero', 'libero', 'libero', 'libero', 'libero', 'libero', 'libero'),
('P028', 'libero', 'libero', 'libero', '5BI', '4BI', '4BI', 'libero'),
('P029', 'libero', 'libero', '4AL', '1BC', '1BC', '1SP', 'libero'),
('P030', 'libero', 'libero', '5AB', '3AN', '1BM', '5AC', 'libero'),
('P031', 'libero', 'libero', 'libero', '4AC', 'libero', '3AC', 'libero'),
('P032', 'libero', 'libero', 'libero', '1BE', '5BI', '1BE', 'libero'),
('P033', 'libero', 'libero', 'libero', 'libero', '5AI', '5BM', '1BM'),
('P034', 'libero', 'libero', 'libero', 'libero', 'libero', 'libero', 'libero'),
('P035', '3DI', '2EI', 'libero', 'libero', 'libero', 'libero', 'libero'),
('P036', 'libero', '1BM', '2CM', '1CI', '1AM', 'libero', 'libero'),
('P037', 'libero', 'libero', 'libero', '1DI', '1SP', '1FI', '1EI'),
('P038', 'libero', 'libero', '5CI', '5CI', '5DI', '5DI', 'libero'),
('P039', '4AL', '3AL', 'libero', 'libero', 'libero', 'libero', 'libero'),
('P040', '5CM', '5CM', '5TR', '4TR', 'libero', 'libero', 'libero'),
('P041', '5AI', '5DI', '1GI', '1GI', 'libero', 'libero', 'libero'),
('P042', 'libero', '3AT', '3AT', '5AN', '5AN', 'libero', 'libero'),
('P043', 'libero', 'libero', 'libero', 'libero', '3BI', '5CI', 'libero'),
('P044', 'libero', 'libero', '4DI', '4DI', '1CI', '1CI', 'libero'),
('P045', 'libero', 'libero', '3BB', '3BB', 'libero', '2BL', 'libero'),
('P046', '3AC', '3AC', '1BC', 'libero', '5AC', 'libero', 'libero'),
('P047', 'libero', 'libero', '5AC', '5AC', '5AB', '5AB', 'libero'),
('P048', '2DM', '1AE', 'libero', 'libero', 'libero', 'libero', 'libero'),
('P049', '2BC', '4SP', 'libero', 'libero', 'libero', 'libero', 'libero'),
('P050', 'libero', 'libero', 'libero', '3AI', '3AI', 'libero', 'libero'),
('P051', '1SP', '2SP', 'libero', 'libero', 'libero', 'libero', 'libero'),
('P052', 'libero', 'libero', '2DM', '3DM', '3CM', '4CM', 'libero'),
('P053', 'libero', '3BM', '4BM', 'libero', '5CM', '5CM', 'libero'),
('P054', '3SP', '1SP', '2SP', '2SP', 'libero', 'libero', 'libero'),
('P055', 'libero', 'libero', 'libero', 'libero', '3BB', '3AB', 'libero'),
('P056', '5AT', '5AT', 'libero', '5AE', 'libero', 'libero', 'libero'),
('P057', 'libero', 'libero', 'libero', 'libero', 'libero', 'libero', 'libero'),
('P058', 'libero', 'libero', 'libero', 'libero', 'libero', 'libero', 'libero'),
('P059', 'libero', 'libero', '2BI', '2BI', '2DI', '2DI', 'libero'),
('P060', '2BI', '1DI', '5BI', '1BI', 'libero', 'libero', 'libero'),
('P061', '1BC', '1BC', '5DI', '5DI', 'libero', 'libero', 'libero'),
('P062', 'libero', 'libero', '2CI', '3AI', '3AI', '5AI', 'libero'),
('P063', '3BM', '2FI', '4EI', 'libero', 'libero', 'libero', 'libero'),
('P064', 'libero', 'libero', '5CI', '5CI', '5DI', '5DI', 'libero'),
('P065', 'libero', 'libero', 'libero', 'libero', 'libero', 'libero', 'libero'),
('P066', '5AB', '5AB', 'libero', '4AM', '4AM', '3AM', 'libero'),
('P067', 'libero', 'libero', 'libero', 'libero', '1AE', '2AI', '1BI'),
('P068', '4AM', '4AM', '2DI', '2FI', 'libero', 'libero', 'libero'),
('P069', 'libero', 'libero', 'libero', '1CI', '2AE', '2BE', '1BE'),
('P070', '3BN', '3BN', '3AN', 'libero', 'libero', 'libero', 'libero'),
('P071', '5AL', '5AL', 'libero', '1AL', '4AL', '1BL', 'libero'),
('P072', '5CI', '5CI', 'libero', '5CM', '2CI', 'libero', 'libero'),
('P073', '1FI', '1FI', 'libero', '1EI', '3CI', '3CI', 'libero'),
('P074', '2BM', '2CM', 'libero', '5BM', '5AM', 'libero', 'libero'),
('P075', '1AL', '1AL', '1BL', '1BL', '2SP', '2SP', 'libero'),
('P076', '4AM', '4AM', '3BM', '3AM', 'libero', 'libero', 'libero'),
('P077', '3BI', '3AT', '3AT', 'libero', 'libero', 'libero', 'libero'),
('P078', 'libero', 'libero', '5BE', '5AE', 'libero', '4AE', 'libero'),
('P079', 'libero', 'libero', '3SP', '3SP', '4SP', '4SP', 'libero'),
('P080', 'libero', 'libero', '4AN', '4BN', '4BN', '2AE', 'libero'),
('P081', 'libero', 'libero', 'libero', 'libero', 'libero', 'libero', 'libero'),
('P082', 'libero', '1CI', '2AC', '1AC', 'libero', '1AI', 'libero'),
('P083', '3TR', '3TR', '3AM', 'libero', '3BM', '3BM', 'libero'),
('P084', '2AI', '2AI', '5AI', '5AI', 'libero', 'libero', 'libero'),
('P085', '2AM', 'libero', '2CM', '1CM', '1AM', '1DI', 'libero'),
('P086', 'libero', 'libero', '1BE', '1DI', 'libero', '1AI', '1EI'),
('P087', 'libero', 'libero', 'libero', '2DM', '1FI', 'libero', 'libero'),
('P088', '2CM', '4EI', '4BI', 'libero', 'libero', 'libero', 'libero'),
('P089', '5BM', '5BM', '4CM', '4CM', 'libero', '4BM', 'libero'),
('P090', 'libero', 'libero', '1AC', 'libero', '5AB', '5AB', 'libero'),
('P091', 'libero', 'libero', 'libero', 'libero', 'libero', 'libero', 'libero'),
('P092', 'libero', 'libero', 'libero', 'libero', 'libero', 'libero', 'libero'),
('P093', 'libero', 'libero', 'libero', '3AT', '5BM', '4AI', 'libero'),
('P094', '5AM', '4DI', '4CI', '4BM', 'libero', 'libero', 'libero'),
('P095', '3AT', 'libero', '1AI', '4AI', '2AI', 'libero', 'libero'),
('P096', 'libero', 'libero', 'libero', 'libero', '4TR', '4TR', 'libero'),
('P097', 'libero', 'libero', 'libero', 'libero', '1CI', '1CI', 'libero'),
('P098', 'libero', 'libero', 'libero', 'libero', 'libero', 'libero', '1AC'),
('P099', 'libero', '3DM', '5AM', '5AM', 'libero', '3CM', 'libero'),
('P100', '2AL', '2AL', '1AL', '5AT', 'libero', 'libero', 'libero'),
('P101', 'libero', 'libero', 'libero', 'libero', '5BE', '5BE', 'libero'),
('P102', 'libero', 'libero', 'libero', 'libero', 'libero', 'libero', 'libero'),
('P103', '3CM', '3CM', '5SP', '5SP', 'libero', 'libero', 'libero'),
('P104', 'libero', 'libero', 'libero', '4EI', '4EI', 'libero', 'libero'),
('P105', '5AT', '5AT', '4BN', 'libero', 'libero', 'libero', 'libero'),
('P106', '5BE', '5BE', 'libero', 'libero', 'libero', 'libero', 'libero'),
('P107', '3AB', '4AB', '1BE', 'libero', 'libero', 'libero', 'libero'),
('P108', 'libero', 'libero', 'libero', '3CI', '3TR', '3TR', 'libero'),
('P109', 'libero', 'libero', 'libero', 'libero', '1EI', '2EI', 'libero'),
('P110', 'libero', 'libero', 'libero', 'libero', 'libero', 'libero', 'libero'),
('P111', '5DI', '5BI', '4AI', '4BI', 'libero', 'libero', 'libero'),
('P112', 'libero', 'libero', 'libero', '3BI', '1BI', '3BI', 'libero'),
('P113', 'libero', 'libero', 'libero', 'libero', '5CI', '1BM', 'libero'),
('P114', 'libero', 'libero', 'libero', '5BE', '1BE', '5AN', '1AE'),
('P115', 'libero', 'libero', '1CI', '4AN', '1CM', '4AM', 'libero'),
('P116', 'libero', 'libero', 'libero', 'libero', '5CM', '5CM', 'libero'),
('P117', 'libero', '1TR', '1TR', 'libero', '3AT', '3AT', 'libero'),
('P118', '4BI', '3BI', 'libero', '2CI', '2EI', '1AM', 'libero'),
('P119', '5BM', '5BM', '4CM', '4CM', '3BM', '3BM', 'libero'),
('P120', 'libero', 'libero', 'libero', '2AL', '3AL', '3AL', 'libero'),
('P121', '3TR', '3TR', '3TR', '3TR', 'libero', 'libero', 'libero'),
('P122', '5BI', '5AI', 'libero', 'libero', 'libero', 'libero', 'libero'),
('P123', '3AM', '3AM', 'libero', 'libero', 'libero', 'libero', 'libero'),
('P124', '2SP', '3AB', '3AC', 'libero', 'libero', 'libero', 'libero'),
('P125', '4AI', '4AI', 'libero', 'libero', 'libero', 'libero', 'libero'),
('P126', 'libero', 'libero', '2EI', 'libero', '3AC', '1EI', 'libero'),
('P127', '4AB', '4AC', 'libero', '5AB', '3AB', '3BB', 'libero'),
('P128', '1DI', 'libero', '1EI', '1TR', 'libero', 'libero', 'libero'),
('P129', 'libero', 'libero', 'libero', 'libero', '2AL', '5AL', 'libero'),
('P130', '5AN', '5AN', '3AI', 'libero', '4AN', '3AI', 'libero'),
('P131', '2BL', '2BL', 'libero', '5AL', '1AL', '1AL', 'libero'),
('P132', 'libero', 'libero', 'libero', 'libero', '4AI', '1GI', '1GI'),
('P133', '4TR', '5TR', '1SP', 'libero', 'libero', 'libero', 'libero'),
('P134', 'libero', 'libero', 'libero', '4CI', '2BC', '2AC', '1BC'),
('P135', '1TR', '1GI', '1FI', '3AE', 'libero', 'libero', 'libero'),
('P136', '2BE', '2BI', '2AE', '2EI', 'libero', 'libero', 'libero'),
('P137', 'libero', 'libero', 'libero', 'libero', 'libero', 'libero', 'libero'),
('P138', 'libero', 'libero', 'libero', 'libero', 'libero', 'libero', 'libero'),
('P139', 'libero', '1BE', 'libero', '1AM', '1DI', 'libero', 'libero'),
('P140', '2AC', 'libero', '2BC', '3AB', 'libero', '1AC', 'libero'),
('P141', '4AN', '4BI', '4AE', 'libero', 'libero', 'libero', 'libero'),
('P142', 'libero', 'libero', 'libero', 'libero', 'libero', 'libero', 'libero'),
('P143', '1BI', '1BM', 'libero', '2AI', '1AI', '2BI', 'libero'),
('P144', '4SP', '4AL', '5AL', 'libero', 'libero', 'libero', 'libero'),
('P145', 'libero', 'libero', '4AB', '4AB', 'libero', '2BI', '1BE'),
('P146', 'libero', 'libero', 'libero', '1FI', '2BL', 'libero', 'libero'),
('P147', 'libero', 'libero', '2BL', '2BM', '2CM', '1AE', 'libero'),
('P148', '1CM', '1AM', '1BM', 'libero', '2AM', 'libero', 'libero'),
('P149', 'libero', 'libero', '3AL', '3AL', 'libero', '4AL', 'libero'),
('P150', 'libero', '1AI', '2AL', 'libero', '3SP', '2AL', 'libero'),
('P151', 'libero', 'libero', 'libero', 'libero', '5AL', '5SP', 'libero'),
('P152', 'libero', 'libero', '3DI', '2BL', '4DI', '4DI', 'libero'),
('P153', '4AC', '3BB', '4AB', '4AB', 'libero', 'libero', 'libero'),
('P154', '3DM', '4CM', 'libero', 'libero', 'libero', 'libero', 'libero'),
('P155', '3AI', '3AI', 'libero', 'libero', 'libero', 'libero', 'libero'),
('P156', '2DI', '2DI', '1DI', '1SP', 'libero', 'libero', 'libero'),
('P157', 'libero', 'libero', 'libero', 'libero', '1GI', '2CI', '1DI'),
('P158', '3AN', '3AN', '3AE', '2AM', 'libero', 'libero', 'libero'),
('P159', 'libero', 'libero', 'libero', '5AN', '5AN', '4AN', 'libero'),
('P160', '1BM', '4BM', 'libero', '3BM', '4BM', 'libero', 'libero'),
('P161', '3AE', '3AE', 'libero', '4AE', '4AE', '3AE', 'libero'),
('P162', 'libero', 'libero', '1AE', '1AE', 'libero', '2DM', '1CI'),
('P163', 'libero', 'libero', 'libero', 'libero', '4CM', '1TR', '1AM'),
('P164', '1FI', '1FI', '1GI', '1GI', 'libero', 'libero', 'libero'),
('P165', '2CI', '1BL', '2FI', 'libero', 'libero', 'libero', 'libero'),
('P166', 'libero', 'libero', '3BB', '3BB', '1AI', 'libero', 'libero'),
('P167', '1AC', '1AC', 'libero', '2AC', '2AC', '2BM', 'libero'),
('P168', 'libero', 'libero', '4DI', '4DI', '4DI', '4DI', 'libero'),
('P169', '5SP', '5SP', '3AB', '4SP', 'libero', 'libero', 'libero'),
('P170', '3BN', '3BN', '3AN', 'libero', 'libero', 'libero', 'libero'),
('P171', 'libero', 'libero', 'libero', 'libero', '4CI', '4CI', 'libero'),
('P172', '5BE', '5BE', '5BE', 'libero', 'libero', 'libero', 'libero'),
('P173', 'libero', 'libero', 'libero', '2FI', 'libero', '2BC', '1AI'),
('P174', 'libero', 'libero', 'libero', 'libero', 'libero', 'libero', 'libero'),
('P175', 'libero', 'libero', 'libero', 'libero', '5AT', '3BN', 'libero'),
('P176', 'libero', 'libero', 'libero', 'libero', 'libero', 'libero', 'libero'),
('P177', '4CI', '5AM', 'libero', 'libero', 'libero', 'libero', 'libero'),
('P178', 'libero', '2DM', '2AM', 'libero', '1AC', '1BC', 'libero'),
('P179', 'libero', 'libero', '5AM', '5AM', '3CM', 'libero', 'libero'),
('P180', 'libero', 'libero', 'libero', 'libero', '3AM', '5BI', 'libero'),
('P181', '3BB', '2AC', '1AC', '3AC', 'libero', 'libero', 'libero'),
('P182', '3AC', '3AC', 'libero', 'libero', 'libero', 'libero', 'libero'),
('P183', '2EI', 'libero', 'libero', 'libero', 'libero', 'libero', 'libero'),
('P184', 'libero', 'libero', 'libero', 'libero', 'libero', 'libero', 'libero'),
('P185', '4DI', '4CI', '3CM', '3CM', 'libero', 'libero', 'libero'),
('P186', '1AE', '3CI', 'libero', 'libero', 'libero', 'libero', 'libero'),
('P187', '1AI', '2AM', '2AI', 'libero', '2BI', 'libero', 'libero'),
('P188', 'libero', 'libero', 'libero', 'libero', 'libero', 'libero', 'libero'),
('P189', '5TR', '2TR', '3TR', '3TR', 'libero', 'libero', 'libero'),
('P190', 'libero', 'libero', 'libero', '5TR', '5TR', '1CM', '1TR'),
('P191', '4AI', '4AI', '3CI', 'libero', '4CI', '4CI', 'libero'),
('P192', '3AL', 'libero', '5CM', '2BC', 'libero', 'libero', 'libero');

-- --------------------------------------------------------

--
-- Struttura della tabella `posclasgiovedì`
--

CREATE TABLE `posclasgiovedì` (
  `Classe` varchar(6) NOT NULL,
  `primaOra` varchar(4) DEFAULT NULL,
  `secondaOra` varchar(4) DEFAULT NULL,
  `terzaOra` varchar(4) DEFAULT NULL,
  `quartaOra` varchar(4) DEFAULT NULL,
  `quintaOra` varchar(4) DEFAULT NULL,
  `sestaOra` varchar(4) DEFAULT NULL
) ENGINE=InnoDB DEFAULT CHARSET=utf8mb4 COLLATE=utf8mb4_general_ci;

--
-- Dump dei dati per la tabella `posclasgiovedì`
--

INSERT INTO `posclasgiovedì` (`Classe`, `primaOra`, `secondaOra`, `terzaOra`, `quartaOra`, `quintaOra`, `sestaOra`) VALUES
('1AC', 'C014', 'C014', 'C014', 'C014', 'C014', 'C014'),
('1AE', 'C028', 'C028', 'C028', 'C028', 'C028', 'C028'),
('1AI', 'C066', 'C066', 'C066', 'C066', 'C066', 'C066'),
('1AL', 'C042', 'C042', 'C042', 'C042', 'C042', 'C042'),
('1AM', 'C063', 'C063', 'L022', 'L022', 'C063', 'C063'),
('1BC', 'C049', 'C049', 'C049', 'C049', 'C049', 'C049'),
('1BE', 'C051', 'C051', 'C051', 'C051', 'C051', 'C051'),
('1BI', 'L027', 'L027', 'C059', 'C059', 'C059', 'L024'),
('1BL', 'C038', 'C038', 'C038', 'C038', 'C038', 'C038'),
('1BM', 'C016', 'C016', 'C016', 'C016', 'C016', 'C016'),
('1CI', 'C012', 'C012', 'C012', 'C012', 'C012', 'C012'),
('1CM', 'L022', 'L022', 'L002', 'L027', 'L027', 'L006'),
('1DI', 'C055', 'C055', 'L024', 'C055', 'C055', 'C055'),
('1EI', 'C010', 'C010', 'C010', 'L024', 'L022', 'L022'),
('1FI', 'C039', 'C039', 'C039', 'C039', 'C039', 'C039'),
('1GI', 'C026', 'C026', 'C026', 'L002', 'L024', 'C026'),
('1HI', 'C051', 'C051', 'C051', 'C051', 'C051', 'C051'),
('1SP', 'C004', 'C004', 'C004', 'C004', 'C004', 'C004'),
('1TR', 'C000', 'C000', 'C000', 'C000', 'C000', 'L002'),
('2AC', 'C023', 'L000', 'C023', 'C023', 'C023', 'C023'),
('2AE', 'C003', 'C003', 'C003', 'C003', 'L007', 'C003'),
('2AI', 'C005', 'C005', 'L027', 'L027', 'C005', 'C005'),
('2AL', 'C044', 'C044', 'C044', 'C044', 'C044', 'C044'),
('2AM', 'C031', 'C031', 'C031', 'C031', 'C031', 'C031'),
('2BC', 'L017', 'C019', 'C019', 'C019', 'C019', 'C019'),
('2BE', 'L028', 'L028', 'C007', 'C007', 'C007', 'C007'),
('2BI', 'C011', 'C011', 'C011', 'C011', 'C011', 'C011'),
('2BL', 'C040', 'L027', 'L027', 'C040', 'C040', 'C040'),
('2BM', 'C047', 'C047', 'C047', 'C047', 'L028', 'L028'),
('2CI', 'C034', 'C034', 'C034', 'C034', 'L000', 'C034'),
('2CM', 'C050', 'C050', 'C050', 'L007', 'C050', 'C050'),
('2DI', 'C020', 'L002', 'C020', 'C020', 'C020', 'C020'),
('2DM', 'C017', 'L017', 'L007', 'C017', 'C017', 'C017'),
('2EI', 'C046', 'C046', 'C046', 'C046', 'C046', 'C046'),
('2FI', 'C021', 'C021', 'C021', 'C021', 'C021', 'C021'),
('2GI', 'L028', 'L028', 'C007', 'C007', 'C007', 'C007'),
('2SP', 'C006', 'C006', 'C006', 'C006', 'C006', 'C006'),
('2TR', 'L017', 'C019', 'C019', 'C019', 'C019', 'C019'),
('3AB', 'L001', 'C013', 'C013', 'C013', 'L003', 'C013'),
('3AC', 'C029', 'C029', 'C029', 'C029', 'C029', 'C029'),
('3AE', 'L028', 'L028', 'L016', 'C054', 'C054', 'L015'),
('3AI', 'L005', 'L005', 'C058', 'C058', 'L008', 'L008'),
('3AL', 'C032', 'C032', 'C032', 'C032', 'C032', 'C032'),
('3AM', 'L011', 'C070', 'L028', 'L028', 'L018', 'C070'),
('3AN', 'L009', 'L009', 'C045', 'L009', 'C045', 'C045'),
('3AT', 'C033', 'C033', 'C033', 'C033', 'C033', 'C033'),
('3BB', 'C029', 'C029', 'C029', 'L004', 'L004', 'C029'),
('3BI', 'C064', 'C064', 'L005', 'L005', 'C064', 'C064'),
('3BM', 'L014', 'L014', 'C072', 'L011', 'C072', 'C072'),
('3BN', 'L028', 'L028', 'C054', 'C054', 'L019', 'C054'),
('3CI', 'C048', 'C048', 'C048', 'C048', 'C048', 'C048'),
('3CM', 'C024', 'C024', 'L013', 'L013', 'C024', 'C024'),
('3DI', 'C033', 'C033', 'C033', 'C033', 'C033', 'C033'),
('3DM', 'C071', 'C071', 'L018', 'C071', 'C071', 'C071'),
('3SP', 'C037', 'C037', 'L028', 'L028', 'C037', 'C037'),
('3TR', 'C071', 'C071', 'C071', 'C071', 'C071', 'C071'),
('4AB', 'C036', 'L003', 'C036', 'C036', 'C036', 'C036'),
('4AC', 'L004', 'L004', 'C036', 'C036', 'C036', 'C036'),
('4AE', 'L016', 'L016', 'C041', 'C041', 'L015', 'L025'),
('4AI', 'L008', 'L008', 'L020', 'L020', 'C068', 'C068'),
('4AL', 'C002', 'C002', 'C002', 'C002', 'C002', 'C002'),
('4AM', 'C073', 'C073', 'C073', 'C073', 'C073', 'C073'),
('4AN', 'C062', 'C062', 'C062', 'C062', 'C062', 'C062'),
('4BI', 'C018', 'C018', 'C018', 'C018', 'C018', 'C018'),
('4BM', 'C069', 'L011', 'C069', 'C069', 'L012', 'L012'),
('4BN', 'C041', 'L019', 'C041', 'C041', 'C041', 'L025'),
('4CI', 'C067', 'C067', 'L021', 'L021', 'C067', 'C067'),
('4CM', 'C022', 'C022', 'C022', 'C022', 'L014', 'L014'),
('4DI', 'C009', 'C009', 'L008', 'L008', 'L026', 'C009'),
('4EI', 'C065', 'C065', 'C065', 'C065', 'L005', 'L005'),
('4SP', 'C043', 'C043', 'C043', 'C043', 'C043', 'C043'),
('4TR', 'C022', 'C022', 'L014', 'L014', 'C022', 'C022'),
('5AB', 'C030', 'C030', 'L003', 'L003', 'C030', 'L025'),
('5AC', 'C030', 'C030', 'L004', 'C030', 'C030', 'L025'),
('5AE', 'L015', 'L015', 'C027', 'C027', 'C027', 'C027'),
('5AI', 'C015', 'C015', 'L017', 'L017', 'L021', 'L021'),
('5AL', 'L025', 'C056', 'C056', 'C056', 'C056', 'C056'),
('5AM', 'L023', 'L023', 'C053', 'C053', 'C053', 'C053'),
('5AN', 'C027', 'C027', 'L019', 'L019', 'C027', 'C027'),
('5AT', 'C060', 'C060', 'C060', 'C060', 'L009', 'C060'),
('5BE', 'C061', 'C061', 'C061', 'L016', 'L016', 'C061'),
('5BI', 'L021', 'L021', 'C001', 'C001', 'L017', 'L017'),
('5BM', 'C052', 'C052', 'C052', 'L025', 'C052', 'C052'),
('5CI', 'L020', 'L020', 'C057', 'C057', 'L026', 'C057'),
('5CM', 'C035', 'C035', 'L012', 'L018', 'L025', 'C035'),
('5DI', 'C060', 'C060', 'C060', 'C060', 'C060', 'C060'),
('5SP', 'L026', 'C025', 'C025', 'C025', 'C025', 'C025'),
('5TR', 'L012', 'L012', 'L015', 'L015', 'L025', 'C035');

-- --------------------------------------------------------

--
-- Struttura della tabella `posclaslunedì`
--

CREATE TABLE `posclaslunedì` (
  `Classe` varchar(6) NOT NULL,
  `primaOra` varchar(4) DEFAULT NULL,
  `secondaOra` varchar(4) DEFAULT NULL,
  `terzaOra` varchar(4) DEFAULT NULL,
  `quartaOra` varchar(4) DEFAULT NULL,
  `quintaOra` varchar(4) DEFAULT NULL,
  `sestaOra` varchar(4) DEFAULT NULL,
  `settimaOra` varchar(4) DEFAULT NULL,
  `ottavaOra` varchar(4) DEFAULT NULL
) ENGINE=InnoDB DEFAULT CHARSET=utf8mb4 COLLATE=utf8mb4_general_ci;

--
-- Dump dei dati per la tabella `posclaslunedì`
--

INSERT INTO `posclaslunedì` (`Classe`, `primaOra`, `secondaOra`, `terzaOra`, `quartaOra`, `quintaOra`, `sestaOra`, `settimaOra`, `ottavaOra`) VALUES
('1AC', 'L027', 'L027', 'C014', 'C014', 'C014', 'C014', 'L006', 'C014'),
('1AE', 'C028', 'C028', 'C028', 'L006', 'C028', 'L002', 'C028', 'C028'),
('1AI', 'C066', 'C066', 'C066', 'C066', 'C066', 'C066', 'L027', 'L027'),
('1AL', 'C042', 'C042', 'C042', 'C042', 'C042', 'C042', 'C042', 'C042'),
('1AM', 'C063', 'C063', 'C063', 'C063', 'C063', 'C063', 'C063', 'C063'),
('1BC', 'C049', 'C049', 'L000', 'C049', 'C049', 'C049', 'C049', 'C049'),
('1BE', 'L022', 'L022', 'C051', 'C051', 'C051', 'C051', 'C051', 'C051'),
('1BI', 'C059', 'C059', 'L022', 'C059', 'C059', 'L000', 'C059', 'C059'),
('1BL', 'C038', 'C038', 'C038', 'C038', 'C038', 'C038', 'C038', 'C038'),
('1BM', 'C016', 'C016', 'C016', 'C016', 'C016', 'C016', 'L027', 'L027'),
('1CI', 'C012', 'L024', 'C012', 'C012', 'C012', 'L006', 'C012', 'C012'),
('1CM', 'C008', 'C008', 'C008', 'C008', 'C008', 'C008', 'C008', 'C008'),
('1DI', 'C055', 'C055', 'C055', 'C055', 'L022', 'L022', 'C055', 'C055'),
('1EI', 'C010', 'C010', 'C010', 'C010', 'L027', 'L027', 'C010', 'C010'),
('1FI', 'C039', 'C039', 'L024', 'L002', 'L006', 'C039', 'C039', 'C039'),
('1GI', 'C026', 'C026', 'C026', 'C026', 'C026', 'C026', 'C026', 'C026'),
('1HI', 'L022', 'L022', 'C051', 'C051', 'C051', 'C051', 'C051', 'C051'),
('1SP', 'C004', 'C004', 'C004', 'C004', 'C004', 'C004', 'C004', 'C004'),
('1TR', 'C000', 'C000', 'C000', 'C000', 'C000', 'C000', 'C000', 'C000'),
('2AC', 'L027', 'L027', 'C023', 'C023', 'L007', 'C023', 'C023', 'C023'),
('2AE', 'C003', 'L002', 'L027', 'L027', 'C003', 'C003', 'C003', 'C003'),
('2AI', 'C005', 'L007', 'C005', 'L020', 'C005', 'C005', 'C005', 'C005'),
('2AL', 'C044', 'C044', 'C044', 'C044', 'C044', 'C044', 'C044', 'C044'),
('2AM', 'C031', 'C031', 'L002', 'L018', 'L027', 'L027', 'C031', 'C031'),
('2BC', 'C019', 'C019', 'C019', 'C019', 'C019', 'C019', 'C019', 'L007'),
('2BE', 'C007', 'C007', 'C007', 'C007', 'C007', 'C007', 'C038', 'C007'),
('2BI', 'C011', 'C011', 'C011', 'C011', 'C011', 'C011', 'C011', 'C011'),
('2BL', 'C040', 'C040', 'C040', 'C040', 'C040', 'C040', 'C040', 'C040'),
('2BM', 'C047', 'C047', 'L007', 'C047', 'C047', 'C047', 'C047', 'C047'),
('2CI', 'C034', 'C034', 'C034', 'C034', 'C034', 'C034', 'C034', 'C034'),
('2CM', 'C050', 'C050', 'C050', 'C050', 'C050', 'C050', 'C050', 'C050'),
('2DI', 'C020', 'C020', 'C020', 'C020', 'C020', 'C020', 'C020', 'C020'),
('2DM', 'C017', 'C017', 'C017', 'C017', 'C017', 'C017', 'C017', 'C017'),
('2EI', 'C046', 'C046', 'C046', 'C046', 'L002', 'C046', 'C046', 'C046'),
('2FI', 'L028', 'L028', 'C021', 'C021', 'C021', 'C021', 'C021', 'C021'),
('2GI', 'C007', 'C007', 'C007', 'C007', 'C007', 'C007', 'C007', 'C007'),
('2SP', 'C006', 'C006', 'L026', 'C006', 'C006', 'C006', 'C006', 'C006'),
('2TR', 'C019', 'C019', 'C019', 'C019', 'C019', 'C019', 'C019', 'L007'),
('3AB', 'C013', 'C013', 'C013', 'L001', 'L001', 'C013', 'C013', 'C013'),
('3AC', 'L001', 'L001', 'C029', 'C029', 'L028', 'L028', 'L004', 'L004'),
('3AE', 'C054', 'C054', 'C054', 'C054', 'C054', 'C054', 'C054', 'C054'),
('3AI', 'C058', 'C058', 'C058', 'C058', 'C058', 'C058', 'C058', 'C058'),
('3AL', 'C032', 'C032', 'C032', 'C032', 'C032', 'C032', 'C032', 'C032'),
('3AM', 'C070', 'C070', 'C070', 'C070', 'C070', 'C070', 'L011', 'L011'),
('3AN', 'C045', 'C045', 'C045', 'C045', 'L009', 'L009', 'L019', 'L019'),
('3AT', 'C033', 'C033', 'L015', 'L015', 'C052', 'L008', 'C076', 'C076'),
('3BB', 'C029', 'C029', 'C029', 'C029', 'L028', 'L028', 'L001', 'L001'),
('3BI', 'C064', 'C064', 'L008', 'L008', 'L005', 'L005', 'L005', 'L005'),
('3BM', 'C072', 'C072', 'C072', 'C072', 'C072', 'L013', 'L013', 'C072'),
('3BN', 'C054', 'C054', 'C075', 'C075', 'C015', 'C015', 'C054', 'C054'),
('3CI', 'L028', 'L028', 'L005', 'L005', 'C048', 'C048', 'C048', 'C048'),
('3CM', 'C024', 'C024', 'C076', 'C076', 'C024', 'C024', 'C024', 'C024'),
('3DI', 'L005', 'L005', 'C033', 'C033', 'L015', 'C033', 'C033', 'C033'),
('3DM', 'L011', 'L011', 'C071', 'C071', 'L028', 'L028', 'L014', 'L014'),
('3SP', 'C037', 'C037', 'C037', 'C037', 'C037', 'C037', 'C037', 'C037'),
('3TR', 'L012', 'L012', 'C071', 'C071', 'L028', 'L028', 'L015', 'L015'),
('4AB', 'L000', 'L000', 'C036', 'C036', 'C036', 'C036', 'L003', 'L003'),
('4AC', 'C036', 'C036', 'C036', 'C036', 'C036', 'C036', 'L000', 'L000'),
('4AE', 'L016', 'L016', 'C041', 'C041', 'L025', 'C041', 'C041', 'C041'),
('4AI', 'C068', 'C068', 'C068', 'L021', 'L021', 'C068', 'C068', 'C068'),
('4AL', 'C002', 'C002', 'C002', 'C002', 'C002', 'C002', 'C002', 'C002'),
('4AM', 'C073', 'C073', 'L014', 'L014', 'L011', 'C073', 'C073', 'C073'),
('4AN', 'C062', 'L019', 'L019', 'C062', 'L019', 'L019', 'L009', 'L009'),
('4BI', 'C018', 'L020', 'L020', 'L026', 'C018', 'C018', 'C018', 'C018'),
('4BM', 'C069', 'C069', 'C069', 'C069', 'L025', 'C069', 'C069', 'C069'),
('4BN', 'L009', 'L009', 'C041', 'L019', 'L025', 'C076', 'C041', 'C041'),
('4CI', 'L008', 'L008', 'C067', 'C067', 'C067', 'C067', 'C067', 'C067'),
('4CM', 'L026', 'C022', 'C022', 'C022', 'C022', 'C022', 'C022', 'C022'),
('4DI', 'C009', 'C009', 'C009', 'C009', 'C009', 'C009', 'C009', 'C009'),
('4EI', 'C065', 'C065', 'C065', 'C065', 'C065', 'C065', 'L018', 'L018'),
('4SP', 'C043', 'C043', 'C043', 'C043', 'C043', 'C043', 'C043', 'C043'),
('4TR', 'L026', 'C076', 'L011', 'L011', 'C064', 'L012', 'L012', 'C064'),
('5AB', 'C030', 'C030', 'C030', 'L004', 'L004', 'C030', 'L025', 'C030'),
('5AC', 'C030', 'C030', 'C062', 'C030', 'C030', 'L004', 'L025', 'C030'),
('5AE', 'C027', 'C027', 'L016', 'L016', 'C027', 'L015', 'L025', 'C027'),
('5AI', 'C015', 'L021', 'L021', 'C015', 'L020', 'L020', 'C015', 'L026'),
('5AL', 'C056', 'C056', 'C056', 'L025', 'C056', 'C056', 'C056', 'C056'),
('5AM', 'C053', 'L025', 'C053', 'L012', 'L012', 'L018', 'C053', 'C053'),
('5AN', 'C027', 'C027', 'C047', 'L009', 'C076', 'C012', 'L025', 'C027'),
('5AT', 'C060', 'C060', 'L009', 'C060', 'C060', 'L025', 'C060', 'C060'),
('5BE', 'C061', 'C061', 'C061', 'C061', 'C061', 'L026', 'L016', 'L016'),
('5BI', 'C001', 'C001', 'L026', 'C001', 'C001', 'C001', 'L017', 'L017'),
('5BM', 'L014', 'L014', 'C052', 'L025', 'L018', 'C052', 'C052', 'C052'),
('5CI', 'C057', 'C057', 'C057', 'C057', 'C057', 'L021', 'L021', 'C057'),
('5CM', 'L018', 'L018', 'L023', 'L023', 'C075', 'C075', 'C035', 'L025'),
('5DI', 'L017', 'L017', 'C060', 'L017', 'L017', 'L025', 'L020', 'L020'),
('5SP', 'C025', 'C025', 'C025', 'C025', 'C025', 'C025', 'C025', 'C025'),
('5TR', 'C035', 'C035', 'C035', 'C035', 'C035', 'C035', 'C035', 'L025');

-- --------------------------------------------------------

--
-- Struttura della tabella `posclasmartedì`
--

CREATE TABLE `posclasmartedì` (
  `Classe` varchar(6) NOT NULL,
  `primaOra` varchar(4) DEFAULT NULL,
  `secondaOra` varchar(4) DEFAULT NULL,
  `terzaOra` varchar(4) DEFAULT NULL,
  `quartaOra` varchar(4) DEFAULT NULL,
  `quintaOra` varchar(4) DEFAULT NULL,
  `sestaOra` varchar(4) DEFAULT NULL
) ENGINE=InnoDB DEFAULT CHARSET=utf8mb4 COLLATE=utf8mb4_general_ci;

--
-- Dump dei dati per la tabella `posclasmartedì`
--

INSERT INTO `posclasmartedì` (`Classe`, `primaOra`, `secondaOra`, `terzaOra`, `quartaOra`, `quintaOra`, `sestaOra`) VALUES
('1AC', 'L022', 'L022', 'C014', 'C014', 'C014', 'C014'),
('1AE', 'L027', 'L027', 'C028', 'C028', 'C028', 'C028'),
('1AI', 'C066', 'C066', 'C066', 'L024', 'C066', 'C066'),
('1AL', 'C042', 'C042', 'C042', 'C042', 'C042', 'C042'),
('1AM', 'L027', 'L027', 'C063', 'C063', 'L006', 'C063'),
('1BC', 'C049', 'C049', 'L022', 'L022', 'C049', 'C049'),
('1BE', 'C051', 'C051', 'C051', 'C051', 'L027', 'L027'),
('1BI', 'C059', 'L017', 'L006', 'C059', 'C059', 'C059'),
('1BL', 'C038', 'C038', 'C038', 'C038', 'C038', 'C038'),
('1BM', 'C016', 'C016', 'C016', 'C016', 'C016', 'L006'),
('1CI', 'C012', 'C012', 'C012', 'C012', 'C012', 'C012'),
('1CM', 'C008', 'C008', 'C008', 'C008', 'C008', 'C008'),
('1DI', 'C055', 'C055', 'C055', 'C055', 'L002', 'C055'),
('1EI', 'C010', 'C010', 'C010', 'L002', 'C010', 'C010'),
('1FI', 'C039', 'C039', 'C039', 'C039', 'C039', 'C039'),
('1GI', 'C026', 'C026', 'C026', 'L006', 'C026', 'C026'),
('1HI', 'C051', 'C051', 'C051', 'C051', 'L027', 'L027'),
('1SP', 'C004', 'C004', 'L027', 'L027', 'C004', 'C004'),
('1TR', 'C000', 'C000', 'C000', 'C000', 'L022', 'L022'),
('2AC', 'C023', 'C023', 'C023', 'C023', 'L017', 'C023'),
('2AE', 'C003', 'C003', 'C003', 'L020', 'C003', 'C003'),
('2AI', 'C005', 'C005', 'C005', 'C005', 'C005', 'C005'),
('2AL', 'C044', 'C044', 'L027', 'L027', 'C044', 'C044'),
('2AM', 'C031', 'C031', 'C031', 'C031', 'C031', 'C031'),
('2BC', 'C019', 'L000', 'C019', 'C019', 'C019', 'C019'),
('2BE', 'C007', 'C009', 'C007', 'C007', 'C007', 'L017'),
('2BI', 'C011', 'C011', 'C011', 'C011', 'C011', 'C011'),
('2BL', 'C040', 'C040', 'C040', 'C040', 'C040', 'C040'),
('2BM', 'C047', 'C047', 'L018', 'C047', 'C047', 'C047'),
('2CI', 'C034', 'C034', 'L020', 'L028', 'L028', 'C034'),
('2CM', 'L028', 'L028', 'C050', 'C050', 'C050', 'C050'),
('2DI', 'C020', 'C020', 'C020', 'C020', 'C020', 'C020'),
('2DM', 'C017', 'C017', 'C017', 'C017', 'C017', 'C017'),
('2EI', 'C046', 'L007', 'C046', 'C046', 'C046', 'C046'),
('2FI', 'L007', 'C021', 'L002', 'C021', 'C021', 'C021'),
('2GI', 'C007', 'C007', 'C007', 'C007', 'C007', 'L017'),
('2SP', 'C006', 'C006', 'C006', 'C006', 'C006', 'C006'),
('2TR', 'C019', 'L000', 'C019', 'C019', 'C019', 'C019'),
('3AB', 'C013', 'C013', 'L028', 'L028', 'C013', 'C013'),
('3AC', 'C029', 'C029', 'C029', 'C029', 'C029', 'C029'),
('3AE', 'C054', 'C054', 'L016', 'C054', 'C054', 'C054'),
('3AI', 'C058', 'C058', 'L005', 'C058', 'C058', 'C058'),
('3AL', 'C032', 'C032', 'C032', 'C032', 'L028', 'L028'),
('3AM', 'L014', 'L014', 'C070', 'C070', 'C070', 'C070'),
('3AN', 'C045', 'C045', 'C045', 'C045', 'C045', 'C045'),
('3AT', 'C033', 'C033', 'C059', 'L009', 'L009', 'C076'),
('3BB', 'C029', 'C029', 'C029', 'L001', 'C029', 'C029'),
('3BI', 'L028', 'L028', 'C064', 'C064', 'C064', 'C064'),
('3BM', 'C072', 'C072', 'C072', 'C072', 'L018', 'C072'),
('3BN', 'C054', 'C054', 'C047', 'C052', 'C052', 'L009'),
('3CI', 'L005', 'L005', 'C048', 'L005', 'C048', 'C048'),
('3CM', 'C024', 'C024', 'L011', 'C024', 'C024', 'C024'),
('3DI', 'L008', 'L008', 'C033', 'L015', 'L015', 'C033'),
('3DM', 'C052', 'C062', 'C062', 'L013', 'L013', 'C067'),
('3SP', 'C037', 'C037', 'C037', 'C037', 'C037', 'C037'),
('3TR', 'C071', 'C071', 'C071', 'C071', 'C071', 'C071'),
('4AB', 'C036', 'C036', 'C036', 'C036', 'C036', 'C036'),
('4AC', 'L004', 'L004', 'L004', 'C036', 'L000', 'L000'),
('4AE', 'L016', 'C041', 'C041', 'C041', 'C041', 'C041'),
('4AI', 'C068', 'C068', 'C068', 'C068', 'L026', 'C068'),
('4AL', 'C002', 'C002', 'C002', 'C002', 'C002', 'C002'),
('4AM', 'C073', 'C073', 'L025', 'L012', 'L012', 'C073'),
('4AN', 'C062', 'L019', 'L019', 'C062', 'C062', 'C062'),
('4BI', 'L020', 'L020', 'L008', 'L008', 'L021', 'C018'),
('4BM', 'C069', 'L013', 'L013', 'C069', 'C069', 'C069'),
('4BN', 'C048', 'C048', 'C076', 'C076', 'C076', 'L019'),
('4CI', 'C067', 'C067', 'C067', 'C067', 'C067', 'L021'),
('4CM', 'C018', 'C018', 'C057', 'C057', 'C001', 'L011'),
('4DI', 'L026', 'L021', 'L021', 'C009', 'C009', 'C009'),
('4EI', 'C065', 'L026', 'C065', 'L021', 'L005', 'L005'),
('4SP', 'C043', 'C043', 'C043', 'C043', 'C043', 'L026'),
('4TR', 'L012', 'C022', 'C022', 'C022', 'C022', 'C022'),
('5AB', 'C030', 'C030', 'L003', 'L004', 'L001', 'L001'),
('5AC', 'L001', 'L001', 'L001', 'C030', 'L004', 'L004'),
('5AE', 'C027', 'C027', 'L025', 'L016', 'L016', 'C027'),
('5AI', 'C015', 'C015', 'C015', 'C015', 'C015', 'C015'),
('5AL', 'C056', 'C056', 'C056', 'C056', 'C056', 'C056'),
('5AM', 'C053', 'C053', 'L014', 'L014', 'C053', 'L012'),
('5AN', 'L019', 'C076', 'L025', 'L019', 'L019', 'C027'),
('5AT', 'C076', 'L009', 'L009', 'C060', 'L008', 'L008'),
('5BE', 'C061', 'C061', 'L015', 'L026', 'C061', 'C061'),
('5BI', 'L026', 'C001', 'C001', 'C001', 'L020', 'L020'),
('5BM', 'L018', 'L018', 'C052', 'L023', 'L023', 'C052'),
('5CI', 'C057', 'L026', 'L017', 'L017', 'C057', 'C057'),
('5CM', 'C075', 'C075', 'C075', 'C075', 'C075', 'C075'),
('5DI', 'C060', 'C060', 'C060', 'C060', 'C060', 'C060'),
('5SP', 'C025', 'C025', 'C025', 'C025', 'C025', 'C025'),
('5TR', 'C035', 'L012', 'L012', 'C035', 'C035', 'C035');

-- --------------------------------------------------------

--
-- Struttura della tabella `posclasmercoledì`
--

CREATE TABLE `posclasmercoledì` (
  `Classe` varchar(6) NOT NULL,
  `primaOra` varchar(4) DEFAULT NULL,
  `secondaOra` varchar(4) DEFAULT NULL,
  `terzaOra` varchar(4) DEFAULT NULL,
  `quartaOra` varchar(4) DEFAULT NULL,
  `quintaOra` varchar(4) DEFAULT NULL,
  `sestaOra` varchar(4) DEFAULT NULL
) ENGINE=InnoDB DEFAULT CHARSET=utf8mb4 COLLATE=utf8mb4_general_ci;

--
-- Dump dei dati per la tabella `posclasmercoledì`
--

INSERT INTO `posclasmercoledì` (`Classe`, `primaOra`, `secondaOra`, `terzaOra`, `quartaOra`, `quintaOra`, `sestaOra`) VALUES
('1AC', 'C014', 'C014', 'C014', 'C014', 'L024', 'C014'),
('1AE', 'C028', 'C028', 'L024', 'L022', 'L022', 'C028'),
('1AI', 'C066', 'C066', 'L005', 'L005', 'C066', 'C066'),
('1AL', 'C042', 'C042', 'C042', 'C042', 'C042', 'C042'),
('1AM', 'C063', 'C063', 'C063', 'C063', 'C063', 'C063'),
('1BC', 'C049', 'L006', 'C049', 'L024', 'C049', 'C049'),
('1BE', 'C051', 'C051', 'C051', 'C051', 'C051', 'L024'),
('1BI', 'C059', 'C059', 'C059', 'C059', 'C059', 'C059'),
('1BL', 'C038', 'C038', 'C038', 'C038', 'C038', 'C038'),
('1BM', 'L022', 'L022', 'C016', 'C016', 'C016', 'C016'),
('1CI', 'C012', 'C012', 'L027', 'L027', 'C012', 'C012'),
('1CM', 'C008', 'C008', 'C008', 'C008', 'C008', 'C008'),
('1DI', 'L027', 'L027', 'C055', 'C055', 'C055', 'C055'),
('1EI', 'C010', 'C010', 'C010', 'C010', 'C010', 'C010'),
('1FI', 'C039', 'C039', 'L027', 'L027', 'C039', 'C039'),
('1GI', 'C026', 'C026', 'C026', 'C026', 'C026', 'C026'),
('1HI', 'C051', 'C051', 'C051', 'C051', 'C051', 'L024'),
('1SP', 'C004', 'C004', 'C004', 'C004', 'C004', 'C004'),
('1TR', 'C000', 'C000', 'C000', 'L006', 'C000', 'C000'),
('2AC', 'C023', 'C023', 'C023', 'C023', 'C023', 'C023'),
('2AE', 'C003', 'C003', 'C003', 'C003', 'C003', 'C003'),
('2AI', 'C005', 'C005', 'C005', 'L000', 'C005', 'C005'),
('2AL', 'C044', 'C044', 'C044', 'C044', 'C044', 'C044'),
('2AM', 'C031', 'C031', 'C031', 'C031', 'L007', 'C031'),
('2BC', 'C019', 'C019', 'C019', 'C019', 'L027', 'L027'),
('2BE', 'C007', 'L007', 'L002', 'C007', 'C007', 'C007'),
('2BI', 'C011', 'C011', 'L007', 'L020', 'C011', 'C011'),
('2BL', 'C040', 'C040', 'C040', 'C040', 'C040', 'C040'),
('2BM', 'C047', 'C047', 'C047', 'C047', 'L002', 'C047'),
('2CI', 'L007', 'C034', 'C034', 'C034', 'C034', 'C034'),
('2CM', 'C050', 'C050', 'C050', 'C050', 'C050', 'C050'),
('2DI', 'C020', 'C020', 'C020', 'L007', 'C020', 'C020'),
('2DM', 'C017', 'L002', 'C017', 'C017', 'L028', 'L028'),
('2EI', 'C046', 'C046', 'L020', 'C046', 'L028', 'L028'),
('2FI', 'C021', 'C021', 'C021', 'C021', 'C021', 'C021'),
('2GI', 'C007', 'L007', 'L002', 'C007', 'C007', 'C007'),
('2SP', 'C006', 'C006', 'C006', 'C006', 'C006', 'C006'),
('2TR', 'C019', 'C019', 'C019', 'C019', 'L027', 'L027'),
('3AB', 'L003', 'L003', 'L004', 'L004', 'C013', 'C013'),
('3AC', 'L004', 'L004', 'C029', 'C029', 'C029', 'C029'),
('3AE', 'C054', 'L016', 'L016', 'C054', 'C054', 'C054'),
('3AI', 'L005', 'C058', 'C058', 'C058', 'C058', 'C058'),
('3AL', 'C032', 'C032', 'C032', 'C032', 'C032', 'C032'),
('3AM', 'C070', 'C070', 'L013', 'L013', 'C070', 'C070'),
('3AN', 'C045', 'C045', 'L028', 'L028', 'C045', 'C045'),
('3AT', 'C033', 'C033', 'L009', 'C033', 'C033', 'C033'),
('3BB', 'C029', 'C029', 'L003', 'C029', 'C029', 'C029'),
('3BI', 'C064', 'C064', 'C064', 'C064', 'C064', 'C064'),
('3BM', 'L028', 'L028', 'C072', 'C072', 'C072', 'C072'),
('3BN', 'L009', 'L009', 'C054', 'L009', 'L009', 'C054'),
('3CI', 'C048', 'L005', 'L008', 'L008', 'C048', 'C048'),
('3CM', 'C024', 'C024', 'L014', 'L014', 'L012', 'L012'),
('3DI', 'C033', 'C033', 'C033', 'C033', 'C033', 'L005'),
('3DM', 'C071', 'C071', 'L011', 'C071', 'C071', 'C071'),
('3SP', 'C037', 'C037', 'L026', 'C037', 'C037', 'C037'),
('3TR', 'C071', 'C071', 'C071', 'C071', 'C071', 'C071'),
('4AB', 'C036', 'C036', 'L025', 'C036', 'L000', 'L000'),
('4AC', 'C036', 'C036', 'L025', 'C036', 'C036', 'C036'),
('4AE', 'C041', 'C041', 'C041', 'C041', 'C041', 'L016'),
('4AI', 'C068', 'C068', 'L021', 'C068', 'C068', 'C068'),
('4AL', 'C002', 'L025', 'C002', 'C002', 'C002', 'C002'),
('4AM', 'C073', 'C073', 'C073', 'C073', 'L013', 'L013'),
('4AN', 'C062', 'L025', 'L019', 'C062', 'C062', 'C062'),
('4BI', 'L026', 'C018', 'C018', 'C018', 'L020', 'L020'),
('4BM', 'L018', 'L018', 'C069', 'C069', 'L014', 'L014'),
('4BN', 'C041', 'C041', 'C041', 'L019', 'L019', 'C041'),
('4CI', 'L020', 'L020', 'C067', 'L026', 'C067', 'C067'),
('4CM', 'L013', 'L013', 'L018', 'L018', 'C022', 'L026'),
('4DI', 'C009', 'C009', 'C009', 'L021', 'C009', 'C009'),
('4EI', 'C065', 'C065', 'C065', 'C065', 'L026', 'C065'),
('4SP', 'L028', 'L028', 'C043', 'C043', 'C043', 'C043'),
('4TR', 'C022', 'L015', 'L015', 'C022', 'C022', 'L026'),
('5AB', 'C030', 'C030', 'C030', 'C030', 'C030', 'C030'),
('5AC', 'L001', 'L001', 'L001', 'C030', 'C030', 'C030'),
('5AE', 'C027', 'C027', 'C027', 'L016', 'L016', 'C027'),
('5AI', 'L026', 'L017', 'L017', 'C015', 'C015', 'C015'),
('5AL', 'C056', 'C056', 'C056', 'C056', 'C056', 'C056'),
('5AM', 'C053', 'C053', 'C053', 'C053', 'C053', 'C053'),
('5AN', 'L019', 'L019', 'C027', 'C027', 'C027', 'C027'),
('5AT', 'L008', 'L008', 'C060', 'L025', 'C060', 'C060'),
('5BE', 'C061', 'C061', 'C061', 'L015', 'L015', 'C061'),
('5BI', 'L021', 'L021', 'C001', 'C001', 'C001', 'C001'),
('5BM', 'C052', 'C052', 'C052', 'L012', 'C052', 'C052'),
('5CI', 'C057', 'C057', 'C057', 'L017', 'L017', 'C057'),
('5CM', 'L012', 'L012', 'C035', 'C035', 'C035', 'C035'),
('5DI', 'C060', 'C060', 'C060', 'L025', 'L018', 'L018'),
('5SP', 'C025', 'C025', 'C025', 'C025', 'C025', 'C025'),
('5TR', 'L014', 'L014', 'C035', 'L011', 'L011', 'C035');

-- --------------------------------------------------------

--
-- Struttura della tabella `posclasvenerdì`
--

CREATE TABLE `posclasvenerdì` (
  `Classe` varchar(6) NOT NULL,
  `primaOra` varchar(4) DEFAULT NULL,
  `secondaOra` varchar(4) DEFAULT NULL,
  `terzaOra` varchar(4) DEFAULT NULL,
  `quartaOra` varchar(4) DEFAULT NULL,
  `quintaOra` varchar(4) DEFAULT NULL,
  `sestaOra` varchar(4) DEFAULT NULL,
  `settimaOra` varchar(4) DEFAULT NULL
) ENGINE=InnoDB DEFAULT CHARSET=utf8mb4 COLLATE=utf8mb4_general_ci;

--
-- Dump dei dati per la tabella `posclasvenerdì`
--

INSERT INTO `posclasvenerdì` (`Classe`, `primaOra`, `secondaOra`, `terzaOra`, `quartaOra`, `quintaOra`, `sestaOra`, `settimaOra`) VALUES
('1AC', 'C014', 'C014', 'L000', 'C014', 'C014', 'C014', 'C014'),
('1AE', 'C028', 'C028', 'C028', 'C028', 'C028', 'C028', 'C028'),
('1AI', 'C066', 'C066', 'C066', 'C066', 'L000', 'L006', 'C066'),
('1AL', 'L027', 'L027', 'C042', 'C042', 'C042', 'C042', 'C042'),
('1AM', 'L024', 'C063', 'C063', 'C063', 'L002', 'C063', 'C063'),
('1BC', 'C049', 'C049', 'C049', 'L027', 'L027', 'C049', 'C049'),
('1BE', 'C051', 'C051', 'L006', 'C051', 'C051', 'C051', 'L002'),
('1BI', 'C059', 'C059', 'C059', 'C059', 'C059', 'C059', 'C059'),
('1BL', 'C038', 'C038', 'L027', 'L027', 'C038', 'C038', 'C038'),
('1BM', 'C016', 'L002', 'C016', 'L024', 'C016', 'C016', 'C016'),
('1CI', 'C012', 'C012', 'C012', 'L000', 'L022', 'L022', 'C012'),
('1CM', 'C008', 'C008', 'L024', 'C008', 'C008', 'C008', 'C008'),
('1DI', 'C055', 'C055', 'C055', 'L006', 'C055', 'C055', 'C055'),
('1EI', 'C010', 'C010', 'C010', 'C010', 'C010', 'C010', 'L006'),
('1FI', 'L022', 'L022', 'C039', 'C039', 'C039', 'C039', 'C039'),
('1GI', 'C026', 'C026', 'L022', 'L022', 'C026', 'L027', 'L027'),
('1HI', 'C051', 'C051', 'L006', 'C051', 'C051', 'C051', 'L002'),
('1SP', 'C004', 'C004', 'C004', 'C004', 'C004', 'L026', 'C004'),
('1TR', 'C000', 'L027', 'L027', 'C000', 'L024', 'C000', 'C000'),
('2AC', 'C023', 'C023', 'C023', 'C023', 'C023', 'C023', 'C023'),
('2AE', 'C003', 'C003', 'C003', 'C003', 'C003', 'C003', 'C003'),
('2AI', 'C005', 'C005', 'C005', 'C005', 'C005', 'C005', 'C005'),
('2AL', 'C044', 'C044', 'C044', 'C044', 'C044', 'C044', 'C044'),
('2AM', 'C031', 'C031', 'C031', 'C031', 'C031', 'C031', 'C031'),
('2BC', 'C019', 'C019', 'C019', 'C019', 'C019', 'C019', 'C019'),
('2BE', 'C007', 'C007', 'C007', 'C007', 'C007', 'C007', 'C007'),
('2BI', 'C011', 'C011', 'L028', 'L028', 'C011', 'L000', 'C011'),
('2BL', 'C040', 'C040', 'C040', 'C040', 'C040', 'C040', 'C040'),
('2BM', 'C047', 'C047', 'C047', 'C047', 'C047', 'C047', 'C047'),
('2CI', 'C034', 'C034', 'C034', 'C034', 'C034', 'C034', 'C034'),
('2CM', 'C050', 'C050', 'L002', 'C050', 'C050', 'L018', 'C050'),
('2DI', 'C020', 'C020', 'L017', 'C020', 'L028', 'L028', 'C020'),
('2DM', 'C017', 'C017', 'C017', 'C017', 'C017', 'C017', 'C017'),
('2EI', 'C046', 'C046', 'C046', 'C046', 'C046', 'C046', 'C046'),
('2FI', 'C021', 'C021', 'C021', 'L017', 'C021', 'C021', 'C021'),
('2GI', 'C007', 'C007', 'C007', 'C007', 'C007', 'C007', 'C007'),
('2SP', 'C006', 'C006', 'C006', 'C006', 'L027', 'L027', 'C006'),
('2TR', 'C019', 'C019', 'C019', 'C019', 'C019', 'C019', 'C019'),
('3AB', 'C013', 'C013', 'C013', 'C013', 'C013', 'C013', 'C013'),
('3AC', 'L001', 'L001', 'C029', 'C029', 'C029', 'C029', 'C029'),
('3AE', 'L015', 'L015', 'C054', 'C054', 'C054', 'L016', 'C054'),
('3AI', 'L028', 'L028', 'C058', 'L005', 'L005', 'C058', 'C058'),
('3AL', 'C032', 'C032', 'C032', 'C032', 'C032', 'C032', 'C032'),
('3AM', 'C070', 'C070', 'C070', 'C070', 'C070', 'C070', 'C070'),
('3AN', 'C045', 'C045', 'L019', 'C045', 'C045', 'C045', 'C045'),
('3AT', 'C033', 'L008', 'L008', 'C033', 'L028', 'L028', 'C033'),
('3BB', 'C029', 'C029', 'L003', 'L003', 'C029', 'C029', 'C029'),
('3BI', 'C064', 'C064', 'C064', 'C064', 'C064', 'C064', 'C064'),
('3BM', 'C072', 'C072', 'C072', 'C072', 'L011', 'L011', 'C072'),
('3BN', 'L019', 'L019', 'C054', 'C054', 'C054', 'C054', 'C054'),
('3CI', 'C048', 'C048', 'C048', 'C048', 'C048', 'C048', 'C048'),
('3CM', 'L028', 'L028', 'C024', 'C024', 'L018', 'C024', 'C024'),
('3DI', 'C033', 'C033', 'C033', 'C033', 'L028', 'L028', 'C033'),
('3DM', 'C071', 'C071', 'C071', 'C071', 'C071', 'C071', 'C071'),
('3SP', 'C037', 'C037', 'C037', 'C037', 'C037', 'C037', 'C037'),
('3TR', 'L011', 'L011', 'L014', 'L014', 'C071', 'C071', 'C071'),
('4AB', 'C036', 'C036', 'L004', 'L004', 'L025', 'C036', 'C036'),
('4AC', 'C036', 'C036', 'C036', 'C036', 'L025', 'C036', 'C036'),
('4AE', 'C041', 'C041', 'C041', 'L015', 'L015', 'C041', 'C041'),
('4AI', 'L021', 'L021', 'C068', 'C068', 'L026', 'C068', 'C068'),
('4AL', 'C002', 'C002', 'L025', 'C002', 'C002', 'C002', 'C002'),
('4AM', 'L018', 'L018', 'L025', 'C073', 'C073', 'C073', 'C073'),
('4AN', 'C062', 'L025', 'C062', 'C062', 'C062', 'C062', 'C062'),
('4BI', 'C018', 'C018', 'C018', 'C018', 'C018', 'C018', 'C018'),
('4BM', 'L025', 'C069', 'C069', 'C069', 'C069', 'C069', 'C069'),
('4BN', 'C041', 'C041', 'C041', 'L019', 'L019', 'C041', 'C041'),
('4CI', 'L026', 'C067', 'C067', 'C067', 'L021', 'L021', 'C067'),
('4CM', 'C022', 'C022', 'L012', 'L012', 'C022', 'C022', 'C022'),
('4DI', 'C009', 'C009', 'L021', 'L021', 'L020', 'L020', 'C009'),
('4EI', 'C065', 'C065', 'C065', 'L008', 'L008', 'C065', 'C065'),
('4SP', 'C043', 'C043', 'C043', 'C043', 'C043', 'C043', 'C043'),
('4TR', 'C022', 'C022', 'C022', 'C022', 'C022', 'C022', 'C022'),
('5AB', 'C030', 'C030', 'C030', 'C030', 'L001', 'L001', 'C030'),
('5AC', 'C030', 'C030', 'C030', 'C030', 'C030', 'C030', 'C030'),
('5AE', 'C027', 'C027', 'C027', 'L016', 'C027', 'C027', 'C027'),
('5AI', 'C015', 'C015', 'C015', 'C015', 'C015', 'C015', 'C015'),
('5AL', 'C056', 'C056', 'C056', 'C056', 'C056', 'C056', 'C056'),
('5AM', 'C053', 'L025', 'L018', 'L018', 'C053', 'C053', 'C053'),
('5AN', 'C027', 'C027', 'C027', 'L009', 'L009', 'C027', 'C027'),
('5AT', 'L017', 'L017', 'C060', 'C060', 'C060', 'C060', 'C060'),
('5BE', 'L016', 'L016', 'L016', 'C061', 'C061', 'C061', 'C061'),
('5BI', 'C001', 'C001', 'C001', 'C001', 'C001', 'C001', 'C001'),
('5BM', 'L012', 'L012', 'C052', 'C052', 'C052', 'C052', 'C052'),
('5CI', 'C057', 'C057', 'L020', 'L020', 'C057', 'C057', 'C057'),
('5CM', 'C035', 'C035', 'C035', 'C035', 'L014', 'L014', 'C035'),
('5DI', 'C060', 'C060', 'C060', 'C060', 'L017', 'L017', 'C060'),
('5SP', 'C025', 'C025', 'L028', 'L028', 'C025', 'C025', 'C025'),
('5TR', 'C035', 'C035', 'C035', 'C035', 'C035', 'C035', 'C035');

-- --------------------------------------------------------

--
-- Struttura della tabella `professori`
--

CREATE TABLE `professori` (
  `ID` varchar(4) NOT NULL,
  `Nome` varchar(64) NOT NULL
) ENGINE=InnoDB DEFAULT CHARSET=utf8mb4 COLLATE=utf8mb4_general_ci;

--
-- Dump dei dati per la tabella `professori`
--

INSERT INTO `professori` (`ID`, `Nome`) VALUES
('P000', 'ACCIAVATTI CRISTIANO'),
('P001', 'ACCIAVATTI VIRGINIA'),
('P002', 'ACCURTI MARIA LETIZI'),
('P003', 'AIELLI CRISTINA'),
('P004', 'AMOROSO FILIPPO'),
('P005', 'AMURA STEFANIA'),
('P006', 'ANGELOZZI ANNA'),
('P007', 'ANTONACCI ANNA CHIAR'),
('P008', 'ARROTINI MONICA'),
('P009', 'AVOCATINO CLAUDIA'),
('P010', 'BASILE NUNZIA'),
('P011', 'BATTISTA VINCENZO'),
('P012', 'BERARDI GIANSTEFANO'),
('P013', 'BERNARDI ALESSANDRO'),
('P014', 'BERTINI LORENZO'),
('P015', 'BIANCO ANNALISA'),
('P016', 'BONETTI MONICA'),
('P017', 'BONPENSA ROCCO'),
('P018', 'BORRI GIOVANNI'),
('P019', 'BOSCO DOMENICO'),
('P020', 'CAGNONE EZIO'),
('P021', 'CALENDI STEFANIA'),
('P022', 'CANALE VALENTINO'),
('P023', 'CANTA MAURO'),
('P024', 'CARUSI ALESSANDRO'),
('P025', 'CARUSI PASQUALINO'),
('P026', 'CENTURIONE MONICA'),
('P027', 'CESARINI FEDERICA'),
('P028', 'CESINARO STEFANO'),
('P029', 'CETRULLO FIORENZA'),
('P030', 'CETRULLO LORENA'),
('P031', 'CHIAPPINO ROBERTA'),
('P032', 'CHIMISSO MARINA'),
('P033', 'CIAVARELLA GIANFRANC'),
('P034', 'CIONCI ELISA'),
('P035', 'COLACITO LUISA'),
('P036', 'COLELLA MARIA'),
('P037', 'COLOGNA MARIA STEFAN'),
('P038', 'COLUCCI SIMONA'),
('P039', 'CORDIGLIERE RAFFAELE'),
('P040', 'CORNACCHIA LUANA'),
('P041', 'CORSETTI CARLO'),
('P042', 'COSTANZO ANDREA'),
('P043', 'CRISTINI SIMONETTA'),
('P044', 'CROCETTA RITA'),
('P045', 'D`ALESSANDRO AURA'),
('P046', 'D`AMBROSIO GRAZIELLA'),
('P047', 'D`AMBROSIO PRIMIANO'),
('P048', 'D`INCECCO MONICA'),
('P049', 'D`ONOFRIO DANIELA'),
('P050', 'D`OTTAVIO DUILIO'),
('P051', 'DE ANGELIS ANNA'),
('P052', 'DE CAROLIS ANDREA'),
('P053', 'DE MASSIS MATTEO'),
('P054', 'DE MEDIO MARTINA'),
('P055', 'DE PETRIS RENATO'),
('P056', 'DE SANCTIS ANTONIO'),
('P057', 'DE VINCENTIIS GIAMPI'),
('P058', 'DI BARTOLOMEO ANNALI'),
('P059', 'DI BATTISTA ROSSANA'),
('P060', 'DI BERNARDO LINDA'),
('P061', 'DI BIASE SANTE'),
('P062', 'DI BRACCIO OTTAVIO'),
('P063', 'DI CAMPLI CARLA'),
('P064', 'DI CAMPLI DOMENICO'),
('P065', 'DI CAMPLI RAFFAELE'),
('P066', 'DI CAPUA ELENA'),
('P067', 'DI CARLANTONIO MARIA'),
('P068', 'DI CARLO MARCO'),
('P069', 'DI CINTIO DAVIDE'),
('P070', 'DI CIOCCIO ROCCO'),
('P071', 'DI CRESCENZO GABRIEL'),
('P072', 'DI GIAMBERARDINO ANN'),
('P073', 'DI GIANNANTONIO TONY'),
('P074', 'DI GIOVACCHINO DOMEN'),
('P075', 'DI GIOVANNANTONIO ST'),
('P076', 'DI IORIO ADA'),
('P077', 'DI IORIO ANNARITA'),
('P078', 'DI LEONARDO LINO'),
('P079', 'DI LUCCHIO ROCCO'),
('P080', 'DI LUZIO VINCENZO'),
('P081', 'DI MARCO ENIO'),
('P082', 'DI MARCO FABRIZIO'),
('P083', 'DI MATTEO FABIO'),
('P084', 'DI NUCCI ALESSANDRO'),
('P085', 'DI RENZO VINCENZO'),
('P086', 'DI ROCCO GIUSEPPE'),
('P087', 'DI TORO ROSSANA'),
('P088', 'DIODATO PAOLO'),
('P089', 'DONATI ROSSELLA'),
('P090', 'DONDARINI ANTENORE'),
('P091', 'EVANGELISTA FILIPPO'),
('P092', 'FARICELLI SILVIA'),
('P093', 'FERRANTE PAOLA'),
('P094', 'FERRARA VALENTINA'),
('P095', 'FERRETTI GABRIELLA'),
('P096', 'FERRONE ELOISA'),
('P097', 'FINALDI GIAMPAOLO'),
('P098', 'FOSCO RACHELE'),
('P099', 'FUCCI BENEDETTO'),
('P100', 'GALANTE GIUSEPPE'),
('P101', 'GALLO CONO'),
('P102', 'GATOPOULOS VALERIA'),
('P103', 'GENTILE FABRIZIO'),
('P104', 'GIAMMARINO LUCIO'),
('P105', 'GRASSADONIA SALVATOR'),
('P106', 'GRAZIANI ANDREA'),
('P107', 'IANNELLI FERNANDO'),
('P108', 'INTILANGELO LAURA'),
('P109', 'LA ROSA CONCETTA'),
('P110', 'LAB LOG 2'),
('P111', 'LAROCCA MASSIMILIANO'),
('P112', 'LOMBARDI DARIO'),
('P113', 'LOSCIALE MATTEO'),
('P114', 'MANFRINI FRANCA'),
('P115', 'MARCELLA VERA'),
('P116', 'MARCHIONNE ROBERTO'),
('P117', 'MARCHIONNI FEDERICO'),
('P118', 'MARGANELLA FLAVIA'),
('P119', 'MARIELLO EUPLIO'),
('P120', 'MASCIULLI MARIA PAOL'),
('P121', 'MAZZA MATTIA'),
('P122', 'MENNUCCI NIKO'),
('P123', 'MERCURIO MARCO VALER'),
('P124', 'MERLICCO ANTONIETTA'),
('P125', 'MICALONE DANILO'),
('P126', 'MINOTTI ANTONIO'),
('P127', 'MONACELLI GIORGIO'),
('P128', 'MONTANARO ANTONIETTA'),
('P129', 'MORETTI MILENA'),
('P130', 'MUGONI ELEONORA'),
('P131', 'MUTIGNANI VALERIA'),
('P132', 'NARDELLA STEFANIA'),
('P133', 'NICCOLI MARIA SILVIA'),
('P134', 'ORTIX LORETA'),
('P135', 'PAGLIARA DANIELA'),
('P136', 'PALUDI MARIO'),
('P137', 'PAOLUCCI ROMINA'),
('P138', 'PAONI ROSSELLA'),
('P139', 'PATRIARCA GIANLUCA'),
('P140', 'PELLEGRINO NICOLETTA'),
('P141', 'PELUSI PIERO'),
('P142', 'PETRILLI MARIA CLOTI'),
('P143', 'PIATTELLI MARIA'),
('P144', 'PICHELLI MARCO'),
('P145', 'PICONE VIRGINIA'),
('P146', 'PISCIONE ENRICA'),
('P147', 'POLIDORO PIERLUIGI'),
('P148', 'POMANTE ANTONELLA'),
('P149', 'PORRECA GIUSEPPINA'),
('P150', 'PORRECA SARA'),
('P151', 'PRETARA LORENZO'),
('P152', 'PREVITERO MAURIZIO'),
('P153', 'PREZIUSO SERENA MARI'),
('P154', 'RACITI EZIA'),
('P155', 'RAINALDI SISTO'),
('P156', 'RENZETTI ELISABETTA'),
('P157', 'RENZI CHIARA'),
('P158', 'RICCARDI MARIANNA'),
('P159', 'RICCIARDI FRANCESCO'),
('P160', 'RINALDI MARIA'),
('P161', 'ROSSI PAOLO'),
('P162', 'RUGGIERI RITA'),
('P163', 'RUSSO ASSUNTA'),
('P164', 'SABATINI PAOLO'),
('P165', 'SANT`AMBROGIO CLAUDI'),
('P166', 'SANTACROCE NICOLA'),
('P167', 'SEGALOTTI SABRINA'),
('P168', 'SETTIMIO FABIO'),
('P169', 'SILVANO STEFANIA'),
('P170', 'SILVESTRI DANIELE'),
('P171', 'SIMBOLI LUCA'),
('P172', 'SPINA LUIGI'),
('P173', 'STUARD LUIGI'),
('P174', 'SZOCS BEATA MARTA'),
('P175', 'TATASCIORE FABIO'),
('P176', 'TERREGNA GIAMPIERO'),
('P177', 'TOLETTI VALERIA'),
('P178', 'TOLLOSO ANTONIO'),
('P179', 'TOTARO LUCIA ELISA'),
('P180', 'TREPPIEDI ATTILIO'),
('P181', 'TRIMIGNO SABRINA'),
('P182', 'TRINCA LIDIA'),
('P183', 'TROIANO DORIANA'),
('P184', 'TUPONE ALFONSO'),
('P185', 'VALENTE MANUELA'),
('P186', 'VELIKOVSKAJA ELIZAVE'),
('P187', 'VENTURA SERENELLA'),
('P188', 'VERNA DARIO'),
('P189', 'VICARETTI MARCO'),
('P190', 'VINCELLI LORELLA'),
('P191', 'ZAPPACOSTA PAOLO'),
('P192', 'ZENONI CRISTINA');

--
-- Indici per le tabelle scaricate
--

--
-- Indici per le tabelle `aule`
--
ALTER TABLE `aule`
  ADD PRIMARY KEY (`ID`);

--
-- Indici per le tabelle `classi`
--
ALTER TABLE `classi`
  ADD PRIMARY KEY (`classe`),
  ADD KEY `IDaula` (`IDaula`);

--
-- Indici per le tabelle `log`
--
ALTER TABLE `log`
  ADD PRIMARY KEY (`ID`);

--
-- Indici per le tabelle `orarioprofgiovedì`
--
ALTER TABLE `orarioprofgiovedì`
  ADD PRIMARY KEY (`IdProf`),
  ADD KEY `primaOra` (`primaOra`),
  ADD KEY `secondaOra` (`secondaOra`),
  ADD KEY `terzaOra` (`terzaOra`),
  ADD KEY `quartaOra` (`quartaOra`),
  ADD KEY `quintaOra` (`quintaOra`),
  ADD KEY `sestaOra` (`sestaOra`);

--
-- Indici per le tabelle `orarioproflunedì`
--
ALTER TABLE `orarioproflunedì`
  ADD PRIMARY KEY (`IdProf`),
  ADD KEY `primaOra` (`primaOra`),
  ADD KEY `secondaOra` (`secondaOra`),
  ADD KEY `terzaOra` (`terzaOra`),
  ADD KEY `quartaOra` (`quartaOra`),
  ADD KEY `quintaOra` (`quintaOra`),
  ADD KEY `sestaOra` (`sestaOra`),
  ADD KEY `settimaOra` (`settimaOra`),
  ADD KEY `ottavaOra` (`ottavaOra`);

--
-- Indici per le tabelle `orarioprofmartedì`
--
ALTER TABLE `orarioprofmartedì`
  ADD PRIMARY KEY (`IdProf`),
  ADD KEY `primaOra` (`primaOra`),
  ADD KEY `secondaOra` (`secondaOra`),
  ADD KEY `terzaOra` (`terzaOra`),
  ADD KEY `quartaOra` (`quartaOra`),
  ADD KEY `quintaOra` (`quintaOra`),
  ADD KEY `sestaOra` (`sestaOra`);

--
-- Indici per le tabelle `orarioprofmercoledì`
--
ALTER TABLE `orarioprofmercoledì`
  ADD PRIMARY KEY (`IdProf`),
  ADD KEY `primaOra` (`primaOra`),
  ADD KEY `secondaOra` (`secondaOra`),
  ADD KEY `terzaOra` (`terzaOra`),
  ADD KEY `quartaOra` (`quartaOra`),
  ADD KEY `quintaOra` (`quintaOra`),
  ADD KEY `sestaOra` (`sestaOra`);

--
-- Indici per le tabelle `orarioprofvenerdì`
--
ALTER TABLE `orarioprofvenerdì`
  ADD PRIMARY KEY (`IdProf`),
  ADD KEY `primaOra` (`primaOra`),
  ADD KEY `secondaOra` (`secondaOra`),
  ADD KEY `terzaOra` (`terzaOra`),
  ADD KEY `quartaOra` (`quartaOra`),
  ADD KEY `quintaOra` (`quintaOra`),
  ADD KEY `sestaOra` (`sestaOra`),
  ADD KEY `settimaOra` (`settimaOra`);

--
-- Indici per le tabelle `posclasgiovedì`
--
ALTER TABLE `posclasgiovedì`
  ADD PRIMARY KEY (`Classe`),
  ADD KEY `primaOra` (`primaOra`),
  ADD KEY `secondaOra` (`secondaOra`),
  ADD KEY `terzaOra` (`terzaOra`),
  ADD KEY `quartaOra` (`quartaOra`),
  ADD KEY `quintaOra` (`quintaOra`),
  ADD KEY `sestaOra` (`sestaOra`);

--
-- Indici per le tabelle `posclaslunedì`
--
ALTER TABLE `posclaslunedì`
  ADD PRIMARY KEY (`Classe`),
  ADD KEY `primaOra` (`primaOra`),
  ADD KEY `secondaOra` (`secondaOra`),
  ADD KEY `terzaOra` (`terzaOra`),
  ADD KEY `quartaOra` (`quartaOra`),
  ADD KEY `quintaOra` (`quintaOra`),
  ADD KEY `sestaOra` (`sestaOra`),
  ADD KEY `settimaOra` (`settimaOra`),
  ADD KEY `ottavaOra` (`ottavaOra`);

--
-- Indici per le tabelle `posclasmartedì`
--
ALTER TABLE `posclasmartedì`
  ADD PRIMARY KEY (`Classe`),
  ADD KEY `primaOra` (`primaOra`),
  ADD KEY `secondaOra` (`secondaOra`),
  ADD KEY `terzaOra` (`terzaOra`),
  ADD KEY `quartaOra` (`quartaOra`),
  ADD KEY `quintaOra` (`quintaOra`),
  ADD KEY `sestaOra` (`sestaOra`);

--
-- Indici per le tabelle `posclasmercoledì`
--
ALTER TABLE `posclasmercoledì`
  ADD PRIMARY KEY (`Classe`),
  ADD KEY `primaOra` (`primaOra`),
  ADD KEY `secondaOra` (`secondaOra`),
  ADD KEY `terzaOra` (`terzaOra`),
  ADD KEY `quartaOra` (`quartaOra`),
  ADD KEY `quintaOra` (`quintaOra`),
  ADD KEY `sestaOra` (`sestaOra`);

--
-- Indici per le tabelle `posclasvenerdì`
--
ALTER TABLE `posclasvenerdì`
  ADD PRIMARY KEY (`Classe`),
  ADD KEY `primaOra` (`primaOra`),
  ADD KEY `secondaOra` (`secondaOra`),
  ADD KEY `terzaOra` (`terzaOra`),
  ADD KEY `quartaOra` (`quartaOra`),
  ADD KEY `quintaOra` (`quintaOra`),
  ADD KEY `sestaOra` (`sestaOra`),
  ADD KEY `settimaOra` (`settimaOra`);

--
-- Indici per le tabelle `professori`
--
ALTER TABLE `professori`
  ADD PRIMARY KEY (`ID`);

--
-- AUTO_INCREMENT per le tabelle scaricate
--

--
-- AUTO_INCREMENT per la tabella `log`
--
ALTER TABLE `log`
  MODIFY `ID` int(11) NOT NULL AUTO_INCREMENT;

--
-- Limiti per le tabelle scaricate
--

--
-- Limiti per la tabella `classi`
--
ALTER TABLE `classi`
  ADD CONSTRAINT `classi_ibfk_1` FOREIGN KEY (`IDaula`) REFERENCES `aule` (`ID`) ON UPDATE CASCADE;

--
-- Limiti per la tabella `orarioprofgiovedì`
--
ALTER TABLE `orarioprofgiovedì`
  ADD CONSTRAINT `orarioprofgiovedì_ibfk_1` FOREIGN KEY (`IdProf`) REFERENCES `professori` (`ID`) ON UPDATE CASCADE,
  ADD CONSTRAINT `orarioprofgiovedì_ibfk_2` FOREIGN KEY (`primaOra`) REFERENCES `classi` (`classe`) ON UPDATE CASCADE,
  ADD CONSTRAINT `orarioprofgiovedì_ibfk_3` FOREIGN KEY (`secondaOra`) REFERENCES `classi` (`classe`) ON UPDATE CASCADE,
  ADD CONSTRAINT `orarioprofgiovedì_ibfk_4` FOREIGN KEY (`terzaOra`) REFERENCES `classi` (`classe`) ON UPDATE CASCADE,
  ADD CONSTRAINT `orarioprofgiovedì_ibfk_5` FOREIGN KEY (`quartaOra`) REFERENCES `classi` (`classe`) ON UPDATE CASCADE,
  ADD CONSTRAINT `orarioprofgiovedì_ibfk_6` FOREIGN KEY (`quintaOra`) REFERENCES `classi` (`classe`) ON UPDATE CASCADE,
  ADD CONSTRAINT `orarioprofgiovedì_ibfk_7` FOREIGN KEY (`sestaOra`) REFERENCES `classi` (`classe`) ON UPDATE CASCADE;

--
-- Limiti per la tabella `orarioproflunedì`
--
ALTER TABLE `orarioproflunedì`
  ADD CONSTRAINT `orarioproflunedì_ibfk_1` FOREIGN KEY (`IdProf`) REFERENCES `professori` (`ID`) ON UPDATE CASCADE,
  ADD CONSTRAINT `orarioproflunedì_ibfk_2` FOREIGN KEY (`primaOra`) REFERENCES `classi` (`classe`) ON UPDATE CASCADE,
  ADD CONSTRAINT `orarioproflunedì_ibfk_3` FOREIGN KEY (`secondaOra`) REFERENCES `classi` (`classe`) ON UPDATE CASCADE,
  ADD CONSTRAINT `orarioproflunedì_ibfk_4` FOREIGN KEY (`terzaOra`) REFERENCES `classi` (`classe`) ON UPDATE CASCADE,
  ADD CONSTRAINT `orarioproflunedì_ibfk_5` FOREIGN KEY (`quartaOra`) REFERENCES `classi` (`classe`) ON UPDATE CASCADE,
  ADD CONSTRAINT `orarioproflunedì_ibfk_6` FOREIGN KEY (`quintaOra`) REFERENCES `classi` (`classe`) ON UPDATE CASCADE,
  ADD CONSTRAINT `orarioproflunedì_ibfk_7` FOREIGN KEY (`sestaOra`) REFERENCES `classi` (`classe`) ON UPDATE CASCADE,
  ADD CONSTRAINT `orarioproflunedì_ibfk_8` FOREIGN KEY (`settimaOra`) REFERENCES `classi` (`classe`) ON UPDATE CASCADE,
  ADD CONSTRAINT `orarioproflunedì_ibfk_9` FOREIGN KEY (`ottavaOra`) REFERENCES `classi` (`classe`) ON UPDATE CASCADE;

--
-- Limiti per la tabella `orarioprofmartedì`
--
ALTER TABLE `orarioprofmartedì`
  ADD CONSTRAINT `orarioprofmartedì_ibfk_1` FOREIGN KEY (`IdProf`) REFERENCES `professori` (`ID`) ON UPDATE CASCADE,
  ADD CONSTRAINT `orarioprofmartedì_ibfk_2` FOREIGN KEY (`primaOra`) REFERENCES `classi` (`classe`) ON UPDATE CASCADE,
  ADD CONSTRAINT `orarioprofmartedì_ibfk_3` FOREIGN KEY (`secondaOra`) REFERENCES `classi` (`classe`) ON UPDATE CASCADE,
  ADD CONSTRAINT `orarioprofmartedì_ibfk_4` FOREIGN KEY (`terzaOra`) REFERENCES `classi` (`classe`) ON UPDATE CASCADE,
  ADD CONSTRAINT `orarioprofmartedì_ibfk_5` FOREIGN KEY (`quartaOra`) REFERENCES `classi` (`classe`) ON UPDATE CASCADE,
  ADD CONSTRAINT `orarioprofmartedì_ibfk_6` FOREIGN KEY (`quintaOra`) REFERENCES `classi` (`classe`) ON UPDATE CASCADE,
  ADD CONSTRAINT `orarioprofmartedì_ibfk_7` FOREIGN KEY (`sestaOra`) REFERENCES `classi` (`classe`) ON UPDATE CASCADE;

--
-- Limiti per la tabella `orarioprofmercoledì`
--
ALTER TABLE `orarioprofmercoledì`
  ADD CONSTRAINT `orarioprofmercoledì_ibfk_1` FOREIGN KEY (`IdProf`) REFERENCES `professori` (`ID`) ON UPDATE CASCADE,
  ADD CONSTRAINT `orarioprofmercoledì_ibfk_2` FOREIGN KEY (`primaOra`) REFERENCES `classi` (`classe`) ON UPDATE CASCADE,
  ADD CONSTRAINT `orarioprofmercoledì_ibfk_3` FOREIGN KEY (`secondaOra`) REFERENCES `classi` (`classe`) ON UPDATE CASCADE,
  ADD CONSTRAINT `orarioprofmercoledì_ibfk_4` FOREIGN KEY (`terzaOra`) REFERENCES `classi` (`classe`) ON UPDATE CASCADE,
  ADD CONSTRAINT `orarioprofmercoledì_ibfk_5` FOREIGN KEY (`quartaOra`) REFERENCES `classi` (`classe`) ON UPDATE CASCADE,
  ADD CONSTRAINT `orarioprofmercoledì_ibfk_6` FOREIGN KEY (`quintaOra`) REFERENCES `classi` (`classe`) ON UPDATE CASCADE,
  ADD CONSTRAINT `orarioprofmercoledì_ibfk_7` FOREIGN KEY (`sestaOra`) REFERENCES `classi` (`classe`) ON UPDATE CASCADE;

--
-- Limiti per la tabella `orarioprofvenerdì`
--
ALTER TABLE `orarioprofvenerdì`
  ADD CONSTRAINT `orarioprofvenerdì_ibfk_1` FOREIGN KEY (`IdProf`) REFERENCES `professori` (`ID`) ON UPDATE CASCADE,
  ADD CONSTRAINT `orarioprofvenerdì_ibfk_2` FOREIGN KEY (`primaOra`) REFERENCES `classi` (`classe`) ON UPDATE CASCADE,
  ADD CONSTRAINT `orarioprofvenerdì_ibfk_3` FOREIGN KEY (`secondaOra`) REFERENCES `classi` (`classe`) ON UPDATE CASCADE,
  ADD CONSTRAINT `orarioprofvenerdì_ibfk_4` FOREIGN KEY (`terzaOra`) REFERENCES `classi` (`classe`) ON UPDATE CASCADE,
  ADD CONSTRAINT `orarioprofvenerdì_ibfk_5` FOREIGN KEY (`quartaOra`) REFERENCES `classi` (`classe`) ON UPDATE CASCADE,
  ADD CONSTRAINT `orarioprofvenerdì_ibfk_6` FOREIGN KEY (`quintaOra`) REFERENCES `classi` (`classe`) ON UPDATE CASCADE,
  ADD CONSTRAINT `orarioprofvenerdì_ibfk_7` FOREIGN KEY (`sestaOra`) REFERENCES `classi` (`classe`) ON UPDATE CASCADE,
  ADD CONSTRAINT `orarioprofvenerdì_ibfk_8` FOREIGN KEY (`settimaOra`) REFERENCES `classi` (`classe`) ON UPDATE CASCADE;

--
-- Limiti per la tabella `posclasgiovedì`
--
ALTER TABLE `posclasgiovedì`
  ADD CONSTRAINT `posclasgiovedì_ibfk_1` FOREIGN KEY (`primaOra`) REFERENCES `aule` (`ID`) ON UPDATE CASCADE,
  ADD CONSTRAINT `posclasgiovedì_ibfk_2` FOREIGN KEY (`secondaOra`) REFERENCES `aule` (`ID`) ON UPDATE CASCADE,
  ADD CONSTRAINT `posclasgiovedì_ibfk_3` FOREIGN KEY (`terzaOra`) REFERENCES `aule` (`ID`) ON UPDATE CASCADE,
  ADD CONSTRAINT `posclasgiovedì_ibfk_4` FOREIGN KEY (`quartaOra`) REFERENCES `aule` (`ID`) ON UPDATE CASCADE,
  ADD CONSTRAINT `posclasgiovedì_ibfk_5` FOREIGN KEY (`quintaOra`) REFERENCES `aule` (`ID`) ON UPDATE CASCADE,
  ADD CONSTRAINT `posclasgiovedì_ibfk_6` FOREIGN KEY (`sestaOra`) REFERENCES `aule` (`ID`) ON UPDATE CASCADE;

--
-- Limiti per la tabella `posclaslunedì`
--
ALTER TABLE `posclaslunedì`
  ADD CONSTRAINT `posclaslunedì_ibfk_1` FOREIGN KEY (`primaOra`) REFERENCES `aule` (`ID`) ON UPDATE CASCADE,
  ADD CONSTRAINT `posclaslunedì_ibfk_2` FOREIGN KEY (`secondaOra`) REFERENCES `aule` (`ID`) ON UPDATE CASCADE,
  ADD CONSTRAINT `posclaslunedì_ibfk_3` FOREIGN KEY (`terzaOra`) REFERENCES `aule` (`ID`) ON UPDATE CASCADE,
  ADD CONSTRAINT `posclaslunedì_ibfk_4` FOREIGN KEY (`quartaOra`) REFERENCES `aule` (`ID`) ON UPDATE CASCADE,
  ADD CONSTRAINT `posclaslunedì_ibfk_5` FOREIGN KEY (`quintaOra`) REFERENCES `aule` (`ID`) ON UPDATE CASCADE,
  ADD CONSTRAINT `posclaslunedì_ibfk_6` FOREIGN KEY (`sestaOra`) REFERENCES `aule` (`ID`) ON UPDATE CASCADE,
  ADD CONSTRAINT `posclaslunedì_ibfk_7` FOREIGN KEY (`settimaOra`) REFERENCES `aule` (`ID`) ON UPDATE CASCADE,
  ADD CONSTRAINT `posclaslunedì_ibfk_8` FOREIGN KEY (`ottavaOra`) REFERENCES `aule` (`ID`) ON UPDATE CASCADE;

--
-- Limiti per la tabella `posclasmartedì`
--
ALTER TABLE `posclasmartedì`
  ADD CONSTRAINT `posclasmartedì_ibfk_1` FOREIGN KEY (`primaOra`) REFERENCES `aule` (`ID`) ON UPDATE CASCADE,
  ADD CONSTRAINT `posclasmartedì_ibfk_2` FOREIGN KEY (`secondaOra`) REFERENCES `aule` (`ID`) ON UPDATE CASCADE,
  ADD CONSTRAINT `posclasmartedì_ibfk_3` FOREIGN KEY (`terzaOra`) REFERENCES `aule` (`ID`) ON UPDATE CASCADE,
  ADD CONSTRAINT `posclasmartedì_ibfk_4` FOREIGN KEY (`quartaOra`) REFERENCES `aule` (`ID`) ON UPDATE CASCADE,
  ADD CONSTRAINT `posclasmartedì_ibfk_5` FOREIGN KEY (`quintaOra`) REFERENCES `aule` (`ID`) ON UPDATE CASCADE,
  ADD CONSTRAINT `posclasmartedì_ibfk_6` FOREIGN KEY (`sestaOra`) REFERENCES `aule` (`ID`) ON UPDATE CASCADE;

--
-- Limiti per la tabella `posclasmercoledì`
--
ALTER TABLE `posclasmercoledì`
  ADD CONSTRAINT `posclasmercoledì_ibfk_1` FOREIGN KEY (`primaOra`) REFERENCES `aule` (`ID`) ON UPDATE CASCADE,
  ADD CONSTRAINT `posclasmercoledì_ibfk_2` FOREIGN KEY (`secondaOra`) REFERENCES `aule` (`ID`) ON UPDATE CASCADE,
  ADD CONSTRAINT `posclasmercoledì_ibfk_3` FOREIGN KEY (`terzaOra`) REFERENCES `aule` (`ID`) ON UPDATE CASCADE,
  ADD CONSTRAINT `posclasmercoledì_ibfk_4` FOREIGN KEY (`quartaOra`) REFERENCES `aule` (`ID`) ON UPDATE CASCADE,
  ADD CONSTRAINT `posclasmercoledì_ibfk_5` FOREIGN KEY (`quintaOra`) REFERENCES `aule` (`ID`) ON UPDATE CASCADE,
  ADD CONSTRAINT `posclasmercoledì_ibfk_6` FOREIGN KEY (`sestaOra`) REFERENCES `aule` (`ID`) ON UPDATE CASCADE;

--
-- Limiti per la tabella `posclasvenerdì`
--
ALTER TABLE `posclasvenerdì`
  ADD CONSTRAINT `posclasvenerdì_ibfk_1` FOREIGN KEY (`primaOra`) REFERENCES `aule` (`ID`) ON UPDATE CASCADE,
  ADD CONSTRAINT `posclasvenerdì_ibfk_2` FOREIGN KEY (`secondaOra`) REFERENCES `aule` (`ID`) ON UPDATE CASCADE,
  ADD CONSTRAINT `posclasvenerdì_ibfk_3` FOREIGN KEY (`terzaOra`) REFERENCES `aule` (`ID`) ON UPDATE CASCADE,
  ADD CONSTRAINT `posclasvenerdì_ibfk_4` FOREIGN KEY (`quartaOra`) REFERENCES `aule` (`ID`) ON UPDATE CASCADE,
  ADD CONSTRAINT `posclasvenerdì_ibfk_5` FOREIGN KEY (`quintaOra`) REFERENCES `aule` (`ID`) ON UPDATE CASCADE,
  ADD CONSTRAINT `posclasvenerdì_ibfk_6` FOREIGN KEY (`sestaOra`) REFERENCES `aule` (`ID`) ON UPDATE CASCADE,
  ADD CONSTRAINT `posclasvenerdì_ibfk_7` FOREIGN KEY (`settimaOra`) REFERENCES `aule` (`ID`) ON UPDATE CASCADE;
COMMIT;

/*!40101 SET CHARACTER_SET_CLIENT=@OLD_CHARACTER_SET_CLIENT */;
/*!40101 SET CHARACTER_SET_RESULTS=@OLD_CHARACTER_SET_RESULTS */;
/*!40101 SET COLLATION_CONNECTION=@OLD_COLLATION_CONNECTION */;
